;Attribute1;Attribute2;Attribute3;Attribute4;Attribute5;Attribute6;Attribute7;Attribute8;Attribute9;Attribute10;Attribute11;Attribute12;Attribute13;Attribute14;Attribute15;Attribute16;Attribute17;Attribute18;Attribute19;Attribute20;label;predict;euclidean;euclidean_medio;hamming;hamming_medio;cobertura_pct;erro_pct
0;A11;25,5;A32;A42;3959,0;A61;A71;4,0;A93;A101;3,0;A122;30,0;A143;A152;1,0;A173;1,0;A192;A201;1,158257569495584;ok;1,5573729276657104;3,444554094132036;2,0;5,47;100,0;0,0
1;A14;9,0;A32;A40;3577,0;A65;A72;0,9999999999999998;A91;A101;2,0;A122;26,0;A141;A151;1,0625;A174;2,0;A191;A201;0,7;ok;8,574251174926758;3,444554094132036;9,0;5,47;100,0;0,0
2;A14;18,0;A32;A49;2453,625;A61;A72;3,0;A91;A102;4,0;A121;43,0;A141;A151;1,0625;A173;1,0;A191;A201;0,7;ok;5,133131980895996;3,444554094132036;9,0;5,47;100,0;0,0
3;A12;12,0;A34;A40;1991,28125;A62;A72;4,0;A91;A101;1,0;A123;27,0;A143;A153;1,0;A173;1,0;A191;A201;0,7;ok;2,7946531772613525;3,444554094132036;3,0;5,47;100,0;0,0
4;A11;60,0;A32;A41;10366,0;A61;A75;2,0;A93;A101;4,0;A122;42,0;A143;A151;1,0;A174;1,0;A191;A201;0,7;ok;3,5098867416381836;3,444554094132036;4,0;5,47;100,0;0,0
5;A12;24,0;A32;A40;7393,0;A61;A73;0,9999999999999998;A93;A101;1,9375;A122;42,9375;A143;A151;1,0;A171;2,0;A191;A201;0,7;ok;2,846235513687134;3,444554094132036;4,0;5,47;100,0;0,0
6;A13;12,0;A31;A45;409,0;A64;A73;2,875;A91;A101;3,0625;A121;37,625;A143;A151;2,0;A173;1,0;A191;A201;0,7;ok;1,4789930582046509;3,444554094132036;5,0;5,47;100,0;0,0
7;A11;9,9375;A32;A40;1223,0;A63;A75;2,0;A93;A101;4,0;A124;48,8125;A143;A153;1,0;A171;1,0;A191;A201;0,7;ok;2,4716062545776367;3,444554094132036;4,0;5,47;100,0;0,0
8;A12;33,0;A32;A41;2856,9375;A61;A74;3,0;A92;A101;4,0;A122;24,0;A143;A151;1,0;A171;2,0;A191;A201;0,7;ok;4,227920055389404;3,444554094132036;7,0;5,47;100,0;0,0
9;A12;48,0;A33;A40;6560,0;A62;A74;3,0;A93;A101;2,09375;A122;24,0;A143;A153;1,0;A173;1,0;A191;A201;1,158257569495584;ok;1,6385676860809326;3,444554094132036;3,0;5,47;100,0;0,0
10;A13;36,0;A32;A42;9034,0;A65;A72;3,8125;A93;A102;1,0;A124;29,0;A143;A153;1,0;A171;1,0;A192;A201;1,158257569495584;ok;4,406479835510254;3,444554094132036;5,0;5,47;100,0;0,0
11;A11;28,5;A31;A43;3621,9375;A63;A74;4,0;A93;A101;4,0;A123;24,8125;A143;A152;1,0;A174;1,0;A192;A201;0,7;ok;3,7218143939971924;3,444554094132036;9,0;5,47;100,0;0,0
12;A12;19,125;A31;A41;6468,0;A62;A71;3,0;A91;A102;4,0;A123;60,0;A143;A153;1,0;A173;1,0625;A191;A201;0,7;ok;4,825673580169678;3,444554094132036;10,0;5,47;100,0;0,0
13;A11;21,25;A33;A40;2139,5;A61;A75;0,9999999999999998;A91;A103;1,875;A122;38,75;A143;A152;1,0;A171;2,0;A191;A201;0,7;ok;3,453809976577759;3,444554094132036;8,0;5,47;100,0;0,0
14;A12;36,0;A34;A40;2820,0;A61;A72;3,9375;A94;A101;4,0;A123;29,25;A143;A152;2,0;A173;1,0;A191;A201;1,158257569495584;ok;3,61822247505188;3,444554094132036;3,0;5,47;100,0;0,0
15;A11;6,375000000000002;A34;A40;783,0;A62;A72;0,9999999999999998;A92;A103;2,0;A121;26,0;A142;A151;1,0;A171;2,0;A191;A201;0,7;ok;4,45852518081665;3,444554094132036;7,0;5,47;100,0;0,0
16;A11;21,0;A32;A40;2853,0;A65;A73;2,0;A92;A102;1,9375;A121;25,0;A143;A152;1,0;A171;1,0;A191;A201;0,7;ok;6,576021194458008;3,444554094132036;6,0;5,47;100,0;0,0
17;A11;48,75;A31;A41;8013,75;A62;A72;3,9375;A92;A101;1,0;A124;53,0;A142;A151;2,0;A174;1,0625;A191;A201;0,7;ok;5,603608131408691;3,444554094132036;12,0;5,47;100,0;0,0
18;A11;15,0;A32;A43;1403,0000000000002;A61;A73;2,0;A92;A101;4,0;A123;28,0;A141;A151;1,0;A173;1,0;A191;A201;1,158257569495584;ok;2,675964117050171;3,444554094132036;2,0;5,47;100,0;0,0
19;A14;11,0;A31;A43;4785,28125;A61;A73;2,0;A93;A102;4,0;A123;52,4375;A143;A152;1,0;A174;1,0625;A192;A201;0,7;ok;4,063635349273682;3,444554094132036;10,0;5,47;100,0;0,0
20;A11;24,0;A32;A42;4020,0;A61;A73;2,0;A93;A101;1,9375;A123;27,1875;A142;A152;1,0;A173;1,0;A191;A201;1,158257569495584;ok;0,05926660820841789;3,444554094132036;2,0;5,47;100,0;0,0
21;A13;23,25;A32;A40;1201,0;A61;A72;4,0;A93;A101;1,0;A122;26,0;A143;A152;1,0;A173;1,0;A191;A201;1,158257569495584;ok;0,8088011741638184;3,444554094132036;2,0;5,47;100,0;0,0
22;A12;48,0;A32;A410;5381,0;A65;A71;3,0;A91;A101;4,0;A124;40,0;A141;A153;1,0;A171;1,0;A191;A201;0,7;ok;3,1798789501190186;3,444554094132036;2,0;5,47;100,0;0,0
23;A14;23,625;A30;A42;5511,0;A63;A73;4,0;A93;A101;1,0;A124;25,0;A142;A151;2,0;A173;2,0;A191;A201;0,7;ok;3,800377368927002;3,444554094132036;7,0;5,47;100,0;0,0
24;A14;18,0;A31;A43;1098,0;A61;A72;4,0;A93;A101;4,0;A123;65,0;A143;A152;2,0;A171;1,0;A191;A201;0,7;ok;2,8433873653411865;3,444554094132036;3,0;5,47;100,0;0,0
25;A12;48,0;A33;A41;6224,0;A65;A74;4,0;A93;A101;4,0;A124;49,125;A141;A153;1,0;A173;1,0;A192;A201;1,158257569495584;ok;4,677335262298584;3,444554094132036;6,0;5,47;100,0;0,0
26;A11;10,6875;A32;A40;1375,6562499999998;A63;A72;4,0;A94;A101;4,0;A122;35,0;A143;A153;2,0;A173;1,0625;A191;A201;0,7;ok;4,549524784088135;3,444554094132036;10,0;5,47;100,0;0,0
27;A12;9,375;A34;A40;1245,25;A62;A75;4,0;A92;A101;3,0;A123;34,8125;A143;A151;1,0;A173;1,0;A192;A201;0,7;ok;1,9596079587936401;3,444554094132036;7,0;5,47;100,0;0,0
28;A14;15,0;A34;A40;6892,0625;A62;A71;1,1874999999999998;A91;A102;3,9375;A124;44,9375;A142;A153;1,0625;A173;1,0;A192;A201;0,7;ok;5,084469318389893;3,444554094132036;12,0;5,47;100,0;0,0
29;A13;48,0;A32;A43;5951,0;A61;A75;2,0;A92;A101;2,0;A121;22,0;A143;A152;1,0;A173;1,0;A191;A201;1,158257569495584;ok;1,806351900100708;3,444554094132036;2,0;5,47;100,0;0,0
30;A11;21,0;A34;A40;731,0;A61;A75;3,875;A93;A101;4,0;A121;47,0;A143;A152;2,0625;A171;1,0;A191;A201;0,7;ok;1,0729845762252808;3,444554094132036;3,0;5,47;100,0;0,0
31;A14;18,0;A34;A40;629,0;A63;A75;4,0;A93;A101;3,0;A122;32,0625;A141;A152;2,0;A174;1,0;A192;A201;0,7;ok;1,4866641759872437;3,444554094132036;2,0;5,47;100,0;0,0
32;A14;18,0;A33;A42;1808,0;A61;A73;4,0;A92;A101;2,0;A121;22,0;A143;A151;1,0;A173;1,0;A191;A201;0,7;ok;1,866999626159668;3,444554094132036;3,0;5,47;100,0;0,0
33;A12;21,0;A32;A49;1188,0;A61;A75;2,0;A92;A101;4,0;A122;37,6875;A143;A152;1,0625;A173;2,0;A191;A201;0,7;ok;0,16100886464118958;3,444554094132036;2,0;5,47;100,0;0,0
34;A12;24,0;A32;A40;3235,0;A63;A75;2,9375;A91;A101;2,0;A123;26,0;A143;A152;2,0;A174;1,0;A191;A201;0,7;ok;3,4444501399993896;3,444554094132036;5,0;5,47;100,0;0,0
35;A12;23,25;A32;A41;10488,875;A61;A73;0,9999999999999998;A93;A101;3,9375;A123;23,0;A143;A151;2,0625;A174;1,0;A192;A201;1,158257569495584;ok;2,4342305660247803;3,444554094132036;6,0;5,47;100,0;0,0
36;A12;12,375;A31;A43;1154,0;A61;A75;3,0;A93;A101;4,0;A121;55,125;A141;A151;3,0;A171;1,0;A192;A201;0,7;ok;4,591188907623291;3,444554094132036;7,0;5,47;100,0;0,0
37;A14;17,625;A34;A40;3850,0;A61;A74;3,0;A93;A101;1,0;A123;27,0;A141;A152;2,0;A173;1,0;A191;A201;0,7;ok;2,2560408115386963;3,444554094132036;3,0;5,47;100,0;0,0
38;A14;24,0;A32;A42;2359,0;A61;A71;0,9999999999999998;A91;A101;1,0;A122;33,0;A143;A152;1,0;A173;1,0;A192;A201;1,158257569495584;ok;3,256441831588745;3,444554094132036;3,0;5,47;100,0;0,0
39;A13;24,0;A31;A43;1533,0;A61;A72;4,0;A92;A101;3,0;A123;38,0;A142;A153;1,0;A173;1,0;A192;A201;0,7;ok;1,824310064315796;3,444554094132036;3,0;5,47;100,0;0,0
40;A13;38,25;A33;A43;4210,0;A61;A72;4,0;A93;A101;2,0;A124;25,6875;A143;A151;1,0;A174;2,0;A191;A201;0,7;ok;3,4138646125793457;3,444554094132036;8,0;5,47;100,0;0,0
41;A11;30,0;A32;A41;4426,9375;A61;A73;4,0;A91;A101;3,875;A122;40,0;A141;A152;1,125;A173;1,0625;A192;A201;0,7;ok;2,5998051166534424;3,444554094132036;6,0;5,47;100,0;0,0
42;A14;12,750000000000002;A32;A40;1393,0;A61;A75;3,875;A93;A101;3,9375;A123;47,0;A142;A152;3,0;A171;1,9375;A191;A201;0,7;ok;3,869202136993408;3,444554094132036;9,0;5,47;100,0;0,0
43;A14;18,0;A34;A40;1800,0;A63;A73;4,0;A93;A101;2,0625;A123;24,0;A142;A151;1,9375;A171;1,0;A191;A201;0,7;ok;2,984860420227051;3,444554094132036;7,0;5,47;100,0;0,0
44;A14;12,0;A32;A40;4030,0;A62;A72;0,9999999999999998;A92;A101;1,9375;A123;60,0625;A143;A153;2,0;A171;2,0;A192;A201;0,7;ok;4,45831298828125;3,444554094132036;11,0;5,47;100,0;0,0
45;A13;12,375;A32;A49;836,0;A62;A72;3,8125;A92;A103;2,125;A122;23,0;A143;A152;1,0625;A173;1,0;A192;A201;1,158257569495584;ok;6,1151299476623535;3,444554094132036;10,0;5,47;100,0;0,0
46;A11;18,0;A32;A43;1345,0000000000002;A61;A73;4,0;A94;A101;3,0;A121;26,0;A143;A151;1,0625;A173;1,0;A191;A201;0,7;ok;2,640892744064331;3,444554094132036;3,0;5,47;100,0;0,0
47;A12;36,0;A32;A43;4686,5625;A61;A72;4,0;A92;A101;1,0;A124;29,5625;A143;A151;1,0;A174;1,0;A192;A201;0,7;ok;1,4199131727218628;3,444554094132036;3,0;5,47;100,0;0,0
48;A13;12,0;A31;A42;708,0;A63;A73;2,0;A93;A101;2,875;A122;37,375;A141;A152;1,0;A171;1,9375;A192;A201;0,7;ok;5,3723039627075195;3,444554094132036;9,0;5,47;100,0;0,0
49;A11;12,0;A31;A42;973,625;A61;A73;4,0;A93;A103;1,0;A122;21,0;A143;A151;1,0;A171;1,0;A191;A201;0,7;ok;1,640178918838501;3,444554094132036;3,0;5,47;100,0;0,0
50;A14;18,0;A31;A46;1864,0;A62;A73;4,0;A92;A101;2,0;A121;30,0;A141;A152;2,0;A173;1,0;A191;A201;0,7;ok;3,3065237998962402;3,444554094132036;2,0;5,47;100,0;0,0
51;A12;46,5;A30;A49;10315,8125;A65;A75;0,9999999999999998;A93;A101;2,0;A123;26,0;A141;A151;1,0;A173;1,0;A191;A201;1,158257569495584;ok;5,76608419418335;3,444554094132036;10,0;5,47;100,0;0,0
52;A11;18,0;A34;A40;5302,0;A61;A75;2,0;A91;A101;3,9375;A124;36,0;A143;A153;3,0;A174;1,0;A192;A201;0,7;ok;2,408381700515747;3,444554094132036;2,0;5,47;100,0;0,0
53;A11;16,3125;A34;A42;1872,0;A61;A71;4,0;A93;A101;3,9375;A124;36,0;A143;A153;3,0;A173;1,0;A191;A201;0,7;ok;2,591737985610962;3,444554094132036;4,0;5,47;100,0;0,0
54;A14;24,0;A34;A43;2439,0;A61;A72;4,0;A93;A101;4,0;A122;35,0;A143;A152;1,0;A173;1,0;A192;A201;1,158257569495584;ok;3,298447847366333;3,444554094132036;4,0;5,47;100,0;0,0
55;A12;9,0;A30;A42;1387,9999999999998;A61;A72;4,0;A92;A101;2,0;A121;26,0;A143;A151;1,0625;A173;1,0;A191;A201;0,7;ok;2,4339888095855713;3,444554094132036;4,0;5,47;100,0;0,0
56;A12;47,25;A33;A43;12169,0;A65;A71;4,0;A93;A102;4,0;A124;36,125;A143;A153;1,0;A174;1,0;A191;A201;1,158257569495584;ok;3,031076431274414;3,444554094132036;5,0;5,47;100,0;0,0
57;A14;46,125;A32;A49;2662,0;A63;A73;4,0;A93;A101;3,0;A122;23,5625;A143;A151;1,0;A173;1,0;A192;A201;0,7;ok;8,176029205322266;3,444554094132036;8,0;5,47;100,0;0,0
58;A14;21,25;A32;A40;1409,0;A62;A71;2,0;A94;A101;4,0;A124;48,25;A143;A152;1,0;A171;2,0;A191;A201;0,7;ok;5,127258777618408;3,444554094132036;7,0;5,47;100,0;0,0
59;A12;14,8125;A32;A43;8335,1875;A61;A75;2,0;A92;A101;4,0;A123;26,5625;A143;A151;1,9375;A173;2,0;A191;A201;0,7;ok;3,9201645851135254;3,444554094132036;12,0;5,47;100,0;0,0
60;A11;44,25;A32;A43;2831,0;A65;A73;3,0625;A92;A101;1,9375;A123;31,375;A143;A152;1,0625;A173;1,0;A191;A201;1,158257569495584;ok;3,6527206897735596;3,444554094132036;8,0;5,47;100,0;0,0
61;A13;24,0;A34;A40;1908,7500000000002;A61;A75;3,9375;A91;A101;2,0;A124;32,9375;A143;A152;2,0;A174;1,0625;A191;A201;0,7;ok;6,168642520904541;3,444554094132036;12,0;5,47;100,0;0,0
62;A11;26,25;A32;A41;3416,0;A61;A73;3,0;A93;A101;2,0;A123;27,0;A143;A152;1,0;A174;1,0;A191;A201;1,158257569495584;ok;1,116671085357666;3,444554094132036;2,0;5,47;100,0;0,0
63;A14;27,0;A33;A49;5122,59375;A61;A72;3,0;A93;A101;4,0;A123;26,0;A143;A151;2,0;A171;1,0;A191;A201;0,7;ok;2,5130300521850586;3,444554094132036;4,0;5,47;100,0;0,0
64;A11;10,0;A31;A43;1597,0;A61;A73;3,0;A93;A102;2,0;A121;40,0;A143;A153;1,0625;A173;2,0;A191;A201;0,7;ok;8,552765846252441;3,444554094132036;10,0;5,47;100,0;0,0
65;A11;8,250000000000002;A34;A46;1285,7187499999998;A61;A73;0,9999999999999998;A92;A101;1,0;A122;28,0;A143;A153;2,0;A171;2,0;A191;A201;0,7;ok;5,178591728210449;3,444554094132036;9,0;5,47;100,0;0,0
66;A14;10,0;A32;A40;1192,125;A65;A73;4,0;A93;A101;4,0;A121;31,875;A141;A153;2,0625;A171;2,0;A191;A201;0,7;ok;7,81581974029541;3,444554094132036;10,0;5,47;100,0;0,0
67;A12;15,0;A32;A40;2631,0;A62;A73;2,0;A92;A101;4,0;A123;28,0;A141;A151;2,0;A173;1,0;A191;A201;0,7;ok;3,0438754558563232;3,444554094132036;2,0;5,47;100,0;0,0
68;A12;45,75;A32;A40;2150,0;A61;A73;4,0;A92;A103;2,0;A124;24,0;A141;A152;1,0;A173;1,0;A191;A201;0,7;ok;1,286488652229309;3,444554094132036;1,0;5,47;100,0;0,0
69;A12;9,937500000000002;A32;A46;2890,53125;A61;A73;2,0;A92;A102;1,0;A121;27,0;A143;A152;1,0;A173;1,0;A191;A201;0,7;ok;2,358304023742676;3,444554094132036;5,0;5,47;100,0;0,0
70;A14;6,0;A31;A40;6761,0;A61;A75;0,9999999999999998;A93;A101;3,0;A124;44,875;A143;A152;2,0;A173;2,0;A192;A201;0,7;ok;2,885402202606201;3,444554094132036;4,0;5,47;100,0;0,0
71;A11;21,0;A33;A42;2137,5;A64;A73;3,0;A93;A101;2,0;A123;32,0;A143;A152;2,0;A173;1,0;A191;A201;0,7;ok;2,5157723426818848;3,444554094132036;5,0;5,47;100,0;0,0
72;A11;24,0;A31;A40;2325,0;A62;A74;2,0;A93;A101;3,0;A123;35,0625;A143;A152;1,0;A173;1,0;A191;A201;1,158257569495584;ok;2,243575096130371;3,444554094132036;2,0;5,47;100,0;0,0
73;A14;6,375000000000002;A30;A49;1205,28125;A62;A73;4,0;A93;A101;1,0;A124;35,0;A141;A151;1,0;A173;1,0;A191;A202;1,158257569495584;ok;3,3451080322265625;3,444554094132036;3,0;5,47;100,0;0,0
74;A11;18,0;A34;A42;1052,8125;A61;A72;4,0;A92;A101;4,0;A122;21,0;A143;A151;1,0;A173;1,0;A192;A201;1,158257569495584;ok;2,0771450996398926;3,444554094132036;2,0;5,47;100,0;0,0
75;A14;12,0;A30;A49;2292,0;A62;A71;4,0;A92;A101;2,0;A122;42,0;A141;A151;2,0;A174;1,0;A191;A201;0,7;ok;4,5830230712890625;3,444554094132036;7,0;5,47;100,0;0,0
76;A14;9,0;A32;A40;1449,0000000000002;A61;A74;3,0;A92;A101;2,0;A123;27,0;A141;A152;2,0;A173;1,0;A191;A201;0,7;ok;4,017394542694092;3,444554094132036;2,0;5,47;100,0;0,0
77;A11;11,8125;A32;A41;7511,0;A65;A75;0,9999999999999998;A92;A102;3,9375;A124;51,0;A143;A153;1,125;A173;1,9375;A192;A201;0,7;ok;3,0135293006896973;3,444554094132036;7,0;5,47;100,0;0,0
78;A12;9,0;A32;A42;918,0;A62;A73;4,0;A92;A101;2,125;A122;30,0;A143;A152;1,0;A173;1,0;A191;A201;0,7;ok;1,2138797044754028;3,444554094132036;2,0;5,47;100,0;0,0
79;A11;24,0;A30;A41;2346,0;A61;A75;4,0;A92;A102;3,0;A121;35,0;A143;A151;2,0;A173;1,0625;A192;A201;0,7;ok;5,285378932952881;3,444554094132036;8,0;5,47;100,0;0,0
80;A11;17,25;A32;A43;1603,0;A61;A75;4,0;A92;A101;4,0;A123;55,0;A143;A152;1,0625;A173;1,0;A191;A201;1,158257569495584;ok;0,5609560608863831;3,444554094132036;2,0;5,47;100,0;0,0
81;A11;11,0;A34;A40;3915,0;A61;A75;2,125;A91;A101;2,0;A121;36,1875;A143;A151;2,0;A173;2,0;A192;A201;0,7;ok;3,568965435028076;3,444554094132036;6,0;5,47;100,0;0,0
82;A11;18,0;A32;A43;1126,0;A65;A72;4,0;A92;A101;2,0;A121;21,0;A143;A152;1,0;A173;1,0;A192;A201;0,7;ok;2,804753541946411;3,444554094132036;2,0;5,47;100,0;0,0
83;A14;21,0;A34;A40;3448,3125;A62;A74;0,9999999999999998;A92;A101;1,0625;A123;28,0;A141;A151;1,0625;A174;1,0625;A192;A201;0,7;ok;2,4588823318481445;3,444554094132036;8,0;5,47;100,0;0,0
84;A12;8,812499999999998;A31;A40;3195,0;A62;A73;0,9999999999999998;A92;A101;1,9375;A121;33,0;A143;A152;1,0;A171;1,0;A191;A201;0,7;ok;2,1434013843536377;3,444554094132036;4,0;5,47;100,0;0,0
85;A11;6,0;A34;A40;4716,0;A65;A72;2,0;A91;A102;3,0;A121;44,0;A141;A153;2,0;A173;2,0;A191;A201;0,7;ok;4,350064754486084;3,444554094132036;6,0;5,47;100,0;0,0
86;A13;6,5625;A32;A40;14555,0;A65;A74;0,9999999999999998;A93;A101;2,125;A124;23,0;A143;A152;1,0;A171;1,0;A192;A201;1,158257569495584;ok;3,1961352825164795;3,444554094132036;5,0;5,47;100,0;0,0
87;A11;36,0;A34;A41;5493,0;A65;A75;2,0;A93;A101;3,9375;A121;41,8125;A141;A152;1,0;A173;2,0;A192;A201;1,158257569495584;ok;5,402012825012207;3,444554094132036;8,0;5,47;100,0;0,0
88;A11;24,0;A34;A42;1680,4375000000002;A61;A74;4,0;A94;A102;3,0;A122;40,0;A143;A152;2,0;A173;1,0;A191;A201;0,7;ok;3,3076837062835693;3,444554094132036;4,0;5,47;100,0;0,0
89;A11;12,1875;A31;A42;3590,0;A61;A72;2,0;A93;A102;2,0;A122;29,0;A141;A152;2,0;A171;2,0;A191;A201;0,7;ok;3,0005674362182617;3,444554094132036;5,0;5,47;100,0;0,0
90;A11;12,0;A30;A43;2759,0;A62;A74;2,0;A91;A101;4,0;A122;60,0;A143;A151;2,0;A174;2,0;A192;A201;0,7;ok;5,705946922302246;3,444554094132036;10,0;5,47;100,0;0,0
91;A11;12,375;A30;A40;2122,0;A61;A73;3,0;A93;A101;2,0;A122;39,0;A143;A151;2,0;A171;2,0;A191;A202;0,7;ok;3,3991711139678955;3,444554094132036;3,0;5,47;100,0;0,0
92;A11;12,28125;A32;A40;1536,9374999999998;A61;A72;3,0;A93;A101;4,0;A121;29,875;A143;A151;1,0;A173;2,0;A191;A201;0,7;ok;2,919454336166382;3,444554094132036;7,0;5,47;100,0;0,0
93;A14;24,0;A32;A43;1967,5625;A62;A73;4,0;A93;A101;4,0;A123;29,0;A143;A152;1,0;A174;1,0;A192;A201;1,158257569495584;ok;1,418992519378662;3,444554094132036;2,0;5,47;100,0;0,0
94;A13;12,0;A31;A43;1493,0;A61;A72;4,0;A92;A101;3,0;A123;34,0;A143;A152;1,0;A173;2,0;A191;A201;0,7;ok;1,146788239479065;3,444554094132036;2,0;5,47;100,0;0,0
95;A12;18,1875;A33;A40;1209,0;A61;A75;4,0;A93;A101;4,0;A122;47,0;A143;A152;1,0;A174;1,0;A192;A201;0,7;ok;3,3824572563171387;3,444554094132036;2,0;5,47;100,0;0,0
96;A12;48,0;A32;A42;3979,0;A65;A74;4,0;A93;A102;1,0;A123;41,0;A143;A152;2,0;A174;2,0;A192;A201;0,7;ok;2,337661027908325;3,444554094132036;3,0;5,47;100,0;0,0
97;A11;24,0;A32;A42;7721,0;A65;A72;2,0;A92;A101;2,0;A123;30,0;A143;A152;1,0;A174;1,0;A192;A202;0,7;ok;1,8556925058364868;3,444554094132036;3,0;5,47;100,0;0,0
98;A11;18,0;A32;A41;3650,0;A61;A72;0,9999999999999998;A94;A101;4,0;A123;22,0;A143;A151;1,0;A173;1,0;A191;A201;1,158257569495584;ok;2,519848108291626;3,444554094132036;2,0;5,47;100,0;0,0
99;A11;18,0;A34;A43;1880,0;A61;A74;4,0;A94;A101;2,0;A123;32,0;A143;A153;2,0;A174;1,0;A191;A201;0,7;ok;2,8399031162261963;3,444554094132036;4,0;5,47;100,0;0,0
100;A12;18,0;A32;A49;1941,0;A61;A73;4,0;A93;A101;2,0625;A122;35,0;A143;A152;1,0;A171;1,0;A192;A201;0,7;ok;1,9822254180908203;3,444554094132036;2,0;5,47;100,0;0,0
101;A13;15,0;A31;A44;934,0625;A65;A72;4,0;A94;A101;1,0;A122;28,5;A143;A151;1,0;A173;1,0;A192;A201;0,7;ok;3,8127830028533936;3,444554094132036;8,0;5,47;100,0;0,0
102;A14;27,0;A32;A45;5190,0;A61;A75;3,875;A93;A102;4,0;A122;48,0;A143;A152;3,9375000000000004;A173;2,0;A192;A201;0,7;ok;3,26190447807312;3,444554094132036;4,0;5,47;100,0;0,0
103;A11;36,0;A34;A41;10477,0;A65;A75;2,0;A93;A102;4,0;A124;42,0;A141;A153;2,0;A173;1,0;A191;A201;0,7;ok;3,8001317977905273;3,444554094132036;3,0;5,47;100,0;0,0
104;A12;24,5625;A32;A42;4375,71875;A65;A73;3,0625;A92;A101;3,9375;A122;48,0;A143;A152;1,0;A171;1,0;A192;A201;0,7;ok;1,887015700340271;3,444554094132036;4,0;5,47;100,0;0,0
105;A14;23,25;A30;A43;1376,0;A63;A72;4,0;A94;A101;1,1875;A123;28,0;A142;A151;1,125;A171;1,0625;A192;A201;0,7;ok;5,048807621002197;3,444554094132036;11,0;5,47;100,0;0,0
106;A12;30,0;A31;A42;3496,0;A64;A75;4,0;A93;A101;1,9375;A123;34,0;A142;A152;1,0;A173;2,0;A192;A201;1,158257569495584;ok;1,617313265800476;3,444554094132036;2,0;5,47;100,0;0,0
107;A11;40,0;A34;A42;5998,0;A65;A73;4,0;A93;A101;3,0;A124;27,0;A141;A152;1,0;A173;1,0;A191;A201;1,158257569495584;ok;3,6748127937316895;3,444554094132036;3,0;5,47;100,0;0,0
108;A11;28,0;A32;A40;4006,0;A61;A74;3,0;A93;A101;2,0;A123;63,125;A143;A153;1,0;A171;1,0;A191;A201;1,158257569495584;ok;2,3606584072113037;3,444554094132036;3,0;5,47;100,0;0,0
109;A11;36,0;A30;A43;3342,0;A65;A75;4,0;A93;A101;2,0;A123;51,0;A143;A152;1,0;A171;1,0;A192;A201;0,7;ok;4,263679027557373;3,444554094132036;3,0;5,47;100,0;0,0
110;A12;18,0;A32;A40;2622,0;A62;A73;3,8125;A93;A102;3,9375;A122;34,0;A141;A151;1,0;A173;1,0625;A192;A201;0,7;ok;5,203498840332031;3,444554094132036;9,0;5,47;100,0;0,0
111;A14;45,0;A32;A45;2427,75;A62;A72;4,0;A92;A101;1,0;A124;33,0;A141;A151;1,0;A173;1,0;A191;A201;0,7;ok;3,4158849716186523;3,444554094132036;7,0;5,47;100,0;0,0
112;A14;24,0;A34;A49;1659,0;A61;A72;4,0;A94;A101;1,9375;A122;28,625;A143;A152;1,0;A173;1,0;A191;A201;1,158257569495584;ok;4,970770835876465;3,444554094132036;10,0;5,47;100,0;0,0
113;A14;24,0;A32;A41;1924,0;A62;A72;3,0;A92;A101;4,0;A123;23,0;A141;A152;1,0;A173;1,0;A191;A201;0,7;ok;2,8053946495056152;3,444554094132036;3,0;5,47;100,0;0,0
114;A14;60,0;A34;A40;8105,875;A65;A73;1,0624999999999998;A93;A101;1,0;A121;26,9375;A141;A152;1,0625;A173;1,0625;A191;A201;0,7;ok;3,4946436882019043;3,444554094132036;10,0;5,47;100,0;0,0
115;A14;18,0;A34;A40;2238,0;A61;A72;2,0;A92;A101;1,0;A121;24,6875;A142;A152;2,0;A173;1,0;A191;A201;0,7;ok;2,788120746612549;3,444554094132036;5,0;5,47;100,0;0,0
116;A11;24,0;A34;A46;1332,9999999999998;A61;A74;3,9375;A93;A101;1,9375;A121;43,0;A143;A153;2,0;A173;1,9375;A191;A201;1,158257569495584;ok;3,65240216255188;3,444554094132036;6,0;5,47;100,0;0,0
117;A14;17,875;A32;A40;1281,4375;A61;A74;4,0;A92;A101;3,9375;A122;25,0;A143;A151;1,0;A171;1,0;A191;A201;1,158257569495584;ok;2,9641430377960205;3,444554094132036;5,0;5,47;100,0;0,0
118;A11;6,1875;A32;A40;3518,0;A65;A73;1,9375;A92;A102;2,9375;A122;25,5625;A141;A151;1,0;A173;1,0625;A191;A201;0,7;ok;4,7854413986206055;3,444554094132036;10,0;5,47;100,0;0,0
119;A11;16,5;A33;A43;585,0;A61;A72;4,0;A94;A101;4,0;A121;20,0;A143;A152;2,0;A171;1,0;A191;A201;0,7;ok;2,9627938270568848;3,444554094132036;6,0;5,47;100,0;0,0
120;A11;39,0;A34;A43;4933,0;A61;A74;2,0;A92;A102;1,9375;A121;25,0;A143;A152;2,0;A173;1,0;A191;A201;0,7;ok;2,3957414627075195;3,444554094132036;4,0;5,47;100,0;0,0
121;A14;24,75;A33;A40;1278,0;A62;A73;4,0;A93;A101;1,0625;A121;36,0;A141;A152;1,0;A174;1,0;A191;A201;0,7;ok;3,898167371749878;3,444554094132036;8,0;5,47;100,0;0,0
122;A14;12,0;A31;A40;1768,0;A63;A73;3,0625;A92;A101;2,0;A122;23,6875;A141;A153;1,0;A171;1,0;A192;A201;0,7;ok;5,003110885620117;3,444554094132036;11,0;5,47;100,0;0,0
123;A14;24,375;A33;A42;3341,8125;A63;A72;4,0;A92;A101;4,0;A123;29,5625;A143;A151;1,0625;A173;2,0;A192;A201;0,7;ok;4,3525872230529785;3,444554094132036;9,0;5,47;100,0;0,0
124;A12;9,0;A32;A40;1390,9999999999998;A63;A74;2,0;A94;A101;1,0;A121;26,875;A141;A152;1,0625;A171;2,0;A191;A201;0,7;ok;5,5093302726745605;3,444554094132036;8,0;5,47;100,0;0,0
125;A14;18,375;A32;A42;3422,0;A61;A75;4,0;A93;A102;3,9375;A122;47,0;A142;A151;3,0;A173;2,0;A192;A201;0,7;ok;2,6251628398895264;3,444554094132036;5,0;5,47;100,0;0,0
126;A12;10,0;A30;A42;2071,3125;A61;A72;0,9999999999999998;A92;A101;3,0;A121;23,0;A143;A151;2,0;A173;1,0;A191;A201;0,7;ok;3,638378143310547;3,444554094132036;3,0;5,47;100,0;0,0
127;A14;15,0;A34;A42;1520,0;A63;A73;4,0;A94;A101;3,9375;A124;63,0;A141;A151;1,0;A173;2,0;A191;A201;0,7;ok;4,703886985778809;3,444554094132036;8,0;5,47;100,0;0,0
128;A14;23,4375;A34;A40;6814,03125;A65;A73;2,125;A91;A102;3,875;A124;46,0;A142;A152;2,0;A173;2,0;A192;A201;0,7;ok;4,024838924407959;3,444554094132036;10,0;5,47;100,0;0,0
129;A14;18,375;A32;A42;2044,09375;A62;A72;3,875;A93;A102;2,0;A122;33,0;A143;A152;2,0;A173;1,0;A192;A201;0,7;ok;3,607187509536743;3,444554094132036;10,0;5,47;100,0;0,0
130;A11;24,0;A34;A42;2923,4375;A61;A73;2,0625;A94;A101;3,9375;A123;20,0;A143;A152;1,0;A173;1,0;A192;A201;0,7;ok;3,7363228797912598;3,444554094132036;6,0;5,47;100,0;0,0
131;A11;24,0;A32;A43;3660,0;A65;A73;2,0;A92;A101;4,0;A123;28,0;A143;A152;1,0;A173;1,0;A192;A201;1,158257569495584;ok;3,3606717586517334;3,444554094132036;2,0;5,47;100,0;0,0
132;A12;24,0;A32;A42;1439,21875;A62;A74;4,0;A92;A101;3,9375;A122;23,0;A143;A152;2,0;A174;1,0;A191;A201;1,158257569495584;ok;2,637007236480713;3,444554094132036;8,0;5,47;100,0;0,0
133;A11;16,5;A34;A43;1138,0;A61;A73;3,90625;A94;A101;3,8125;A123;25,0;A143;A152;2,125;A171;1,0;A191;A201;0,7;ok;2,3612051010131836;3,444554094132036;6,0;5,47;100,0;0,0
134;A14;37,875;A30;A43;5771,0;A61;A74;4,0;A92;A101;2,125;A123;25,0;A143;A151;2,0;A171;1,0;A192;A201;0,7;ok;4,367995262145996;3,444554094132036;6,0;5,47;100,0;0,0
135;A11;18,0;A32;A40;2600,0;A61;A73;3,9375;A93;A101;3,875;A124;63,78125;A143;A151;2,0;A173;1,0;A192;A201;0,7;ok;3,8217551708221436;3,444554094132036;6,0;5,47;100,0;0,0
136;A13;23,4375;A30;A40;3749,0;A61;A73;2,125;A92;A101;3,875;A121;26,0;A141;A152;1,0;A174;1,0;A191;A201;0,7;ok;3,859466314315796;3,444554094132036;9,0;5,47;100,0;0,0
137;A14;12,0;A32;A43;4538,625;A62;A73;2,0;A91;A101;3,9375;A121;61,0;A143;A152;1,0;A174;1,0;A191;A201;0,7;ok;3,071709156036377;3,444554094132036;5,0;5,47;100,0;0,0
138;A11;8,062500000000004;A32;A45;662,0;A61;A72;3,0;A93;A101;4,0;A121;34,5;A142;A153;1,0625;A174;2,0;A192;A201;0,7;ok;3,923729658126831;3,444554094132036;7,0;5,47;100,0;0,0
139;A14;18,0;A31;A43;1940,0;A61;A72;3,0;A93;A103;4,0;A123;36,0;A141;A153;1,0;A174;1,0;A192;A201;1,158257569495584;ok;3,226191282272339;3,444554094132036;3,0;5,47;100,0;0,0
140;A12;36,0;A32;A43;2323,0;A61;A75;4,0;A92;A101;4,0;A124;24,0;A141;A151;1,0;A173;1,0;A191;A201;1,158257569495584;ok;2,8232970237731934;3,444554094132036;4,0;5,47;100,0;0,0
141;A12;48,0;A30;A49;12204,0;A65;A73;1,9375;A93;A101;2,0;A123;48,0;A141;A152;1,0;A171;1,0;A191;A201;1,158257569495584;ok;3,328230619430542;3,444554094132036;3,0;5,47;100,0;0,0
142;A12;23,25;A34;A45;5507,0;A61;A73;3,0;A91;A102;3,875;A123;44,0;A143;A153;2,0;A173;1,0625;A191;A201;0,7;ok;3,9502696990966797;3,444554094132036;8,0;5,47;100,0;0,0
143;A14;18,375;A32;A44;609,0;A63;A71;3,0;A92;A101;4,0;A123;21,875;A141;A151;2,0;A173;1,0;A191;A201;0,7;ok;4,108752727508545;3,444554094132036;9,0;5,47;100,0;0,0
144;A11;6,0;A32;A46;4611,0;A61;A72;0,9999999999999998;A91;A101;4,0;A122;32,0;A143;A152;1,0625;A171;1,0;A192;A201;0,7;ok;3,940572738647461;3,444554094132036;6,0;5,47;100,0;0,0
145;A12;11,8125;A32;A40;4302,6875;A65;A75;0,9999999999999998;A92;A102;2,0;A122;25,0;A141;A152;1,0;A173;1,0;A192;A201;0,7;ok;2,2755510807037354;3,444554094132036;4,0;5,47;100,0;0,0
146;A14;30,0;A32;A49;4272,0;A62;A73;2,0;A93;A101;2,0;A122;26,0;A143;A152;2,0;A174;1,0;A191;A201;0,7;ok;2,7247095108032227;3,444554094132036;2,0;5,47;100,0;0,0
147;A14;38,8125;A33;A46;11760,0;A62;A74;2,0;A93;A101;3,0;A124;32,0;A143;A151;1,0;A173;1,0;A192;A201;1,158257569495584;ok;1,6130284070968628;3,444554094132036;2,0;5,47;100,0;0,0
148;A12;36,0;A33;A46;2225,0;A61;A75;4,0;A91;A101;4,0;A124;57,0;A141;A153;2,0;A174;1,0;A192;A201;0,7;ok;3,775641918182373;3,444554094132036;3,0;5,47;100,0;0,0
149;A12;12,0;A32;A42;1473,2187499999998;A61;A72;4,0;A91;A101;2,0;A123;33,0;A141;A153;1,0;A174;1,0625;A191;A201;0,7;ok;3,1916961669921875;3,444554094132036;8,0;5,47;100,0;0,0
150;A14;16,125;A30;A42;1402,0;A63;A74;3,0;A94;A101;4,0;A123;37,0;A141;A151;1,0;A173;1,0;A192;A201;0,7;ok;4,636458396911621;3,444554094132036;4,0;5,47;100,0;0,0
151;A11;18,0;A32;A49;1259,5625;A64;A72;3,0;A94;A101;3,0;A121;61,0;A141;A152;1,0;A171;1,0;A191;A201;0,7;ok;3,498309373855591;3,444554094132036;5,0;5,47;100,0;0,0
152;A14;14,0;A33;A40;815,75;A61;A73;4,0;A93;A101;2,0;A123;27,0;A143;A152;2,0;A171;1,0;A191;A202;1,158257569495584;ok;6,405128002166748;3,444554094132036;2,0;5,47;100,0;0,0
153;A13;16,125;A34;A43;1840,9375;A61;A75;3,0;A93;A101;3,875;A122;39,0;A141;A151;2,0625;A171;2,0;A191;A201;0,7;ok;6,16642427444458;3,444554094132036;12,0;5,47;100,0;0,0
154;A13;24,0;A32;A43;1257,9999999999998;A63;A73;3,0;A92;A101;1,875;A123;57,0;A143;A152;1,0;A171;1,0;A191;A201;1,158257569495584;ok;1,0184693336486816;3,444554094132036;1,0;5,47;100,0;0,0
155;A11;12,0;A31;A46;3903,3125;A63;A71;2,0;A92;A102;1,0;A122;36,9375;A143;A152;2,0;A174;2,0;A191;A201;0,7;ok;5,108211994171143;3,444554094132036;9,0;5,47;100,0;0,0
156;A11;27,0;A32;A41;2090,0625;A61;A75;3,0;A92;A101;4,0;A124;35,0;A141;A153;1,0;A174;1,0;A191;A201;0,7;ok;3,7571678161621094;3,444554094132036;6,0;5,47;100,0;0,0
157;A13;12,0;A33;A40;1373,2499999999998;A61;A73;2,0;A94;A101;2,0;A123;34,96875;A142;A152;2,0;A173;1,0;A191;A201;0,7;ok;3,1963860988616943;3,444554094132036;4,0;5,47;100,0;0,0
158;A12;48,0;A34;A42;5804,0;A64;A73;4,0;A93;A101;2,0;A121;27,0;A142;A152;2,0;A173;1,0;A191;A201;0,7;ok;2,869642496109009;3,444554094132036;4,0;5,47;100,0;0,0
159;A14;11,625;A31;A45;960,0;A61;A74;3,0;A92;A101;2,0;A122;30,0;A141;A153;2,0;A171;1,0;A191;A201;0,7;ok;4,650487899780273;3,444554094132036;7,0;5,47;100,0;0,0
160;A11;18,0;A34;A40;1056,0;A61;A72;3,0;A93;A103;2,875;A124;30,0;A141;A152;2,0;A171;1,0;A191;A201;0,7;ok;4,061131477355957;3,444554094132036;5,0;5,47;100,0;0,0
161;A14;41,625;A30;A43;5012,8125;A65;A72;4,0;A92;A101;1,0;A122;33,0;A142;A152;2,0;A173;1,0;A191;A201;0,7;ok;4,16159725189209;3,444554094132036;8,0;5,47;100,0;0,0
162;A11;16,3125;A31;A43;2753,0;A62;A75;2,9375;A93;A102;4,0;A123;34,9375;A143;A152;1,0;A173;1,0;A192;A201;0,7;ok;2,62267804145813;3,444554094132036;5,0;5,47;100,0;0,0
163;A14;16,125;A30;A42;2210,0;A61;A73;4,0;A93;A101;2,0;A121;24,9375;A141;A151;1,0;A171;1,0;A191;A201;0,7;ok;2,5004851818084717;3,444554094132036;4,0;5,47;100,0;0,0
164;A11;48,0;A32;A41;10072,90625;A61;A74;4,0;A93;A101;4,0;A123;43,125;A142;A153;3,0;A174;2,0;A192;A201;1,158257569495584;ok;1,6627213954925537;3,444554094132036;4,0;5,47;100,0;0,0
165;A12;34,875;A34;A41;14414,1875;A64;A75;4,0;A93;A101;1,9375;A124;57,0;A143;A151;1,0;A173;1,0;A192;A201;1,158257569495584;ok;4,05925989151001;3,444554094132036;8,0;5,47;100,0;0,0
166;A12;30,0;A34;A40;4249,0;A61;A71;4,0;A94;A103;2,09375;A123;30,1875;A143;A152;2,0;A174;1,0;A191;A201;1,158257569495584;ok;3,8205127716064453;3,444554094132036;3,0;5,47;100,0;0,0
167;A11;24,75;A32;A42;929,0;A61;A74;4,0;A93;A101;2,0;A124;31,0625;A142;A151;1,0;A173;1,0;A191;A201;0,7;ok;4,481350421905518;3,444554094132036;7,0;5,47;100,0;0,0
168;A12;9,0;A32;A42;972,0;A61;A72;0,9999999999999998;A92;A101;2,0;A123;29,0;A143;A151;1,0;A173;1,0;A191;A201;0,7;ok;6,6099748611450195;3,444554094132036;4,0;5,47;100,0;0,0
169;A14;20,8125;A32;A40;2782,0;A62;A74;0,9999999999999998;A92;A101;2,0;A122;31,0;A141;A152;1,0;A174;1,0;A191;A201;0,7;ok;1,1637938022613525;3,444554094132036;3,0;5,47;100,0;0,0
170;A12;48,0;A30;A40;8092,6875;A63;A72;0,9999999999999998;A92;A101;1,0;A123;29,75;A143;A152;2,0;A173;1,0;A192;A201;0,7;ok;2,0794036388397217;3,444554094132036;3,0;5,47;100,0;0,0
171;A14;9,0;A32;A40;2301,0;A61;A73;2,0;A92;A102;3,8125;A122;22,0;A141;A152;1,0;A173;1,0;A191;A201;0,7;ok;3,6002347469329834;3,444554094132036;7,0;5,47;100,0;0,0
172;A12;43,5;A31;A41;3598,09375;A62;A74;4,0;A92;A101;2,0;A124;30,0;A143;A152;1,0;A174;1,0;A191;A201;1,158257569495584;ok;3,610102653503418;3,444554094132036;6,0;5,47;100,0;0,0
173;A12;18,0;A34;A40;3966,0;A61;A75;1,0624999999999998;A92;A101;4,0;A121;33,0;A141;A151;3,0;A173;1,0;A192;A201;1,158257569495584;ok;0,8084995150566101;3,444554094132036;2,0;5,47;100,0;0,0
174;A14;6,0;A31;A40;1237,0;A63;A72;1,1874999999999998;A92;A101;1,0;A121;27,0;A142;A152;1,9375;A171;1,0;A192;A201;0,7;ok;4,181146144866943;3,444554094132036;10,0;5,47;100,0;0,0
175;A11;18,0;A32;A40;574,5;A65;A72;1,0624999999999998;A93;A101;2,125;A121;23,0;A143;A152;1,0;A171;1,0;A191;A201;1,158257569495584;ok;3,4838194847106934;3,444554094132036;6,0;5,47;100,0;0,0
176;A11;23,625;A32;A40;915,0;A62;A75;4,0;A92;A103;2,0625;A123;27,875;A141;A152;1,0;A171;1,0;A191;A201;1,158257569495584;ok;4,491988658905029;3,444554094132036;6,0;5,47;100,0;0,0
177;A13;23,625;A32;A40;947,0;A65;A74;4,0;A93;A101;2,875;A124;38,0;A141;A153;1,0;A171;2,0;A192;A201;1,158257569495584;ok;3,6052308082580566;3,444554094132036;5,0;5,47;100,0;0,0
178;A11;24,0;A32;A40;2825,0;A65;A72;4,0;A91;A102;3,0;A124;33,625;A141;A151;2,0;A174;2,0;A192;A201;0,7;ok;5,932881832122803;3,444554094132036;10,0;5,47;100,0;0,0
179;A11;21,0;A34;A42;2229,6875;A61;A73;4,0;A92;A101;3,875;A122;23,0;A143;A152;1,0;A171;1,0;A191;A201;0,7;ok;3,5389797687530518;3,444554094132036;6,0;5,47;100,0;0,0
180;A14;10,0;A32;A43;6850,0;A65;A72;0,9999999999999998;A92;A101;4,0;A121;41,5625;A143;A151;2,0;A173;1,0;A191;A201;0,7;ok;2,6311168670654297;3,444554094132036;4,0;5,47;100,0;0,0
181;A12;46,6875;A30;A41;4576,0;A63;A74;3,0;A93;A101;4,0;A124;26,90625;A143;A151;1,0;A173;1,0;A191;A201;0,7;ok;4,460923671722412;3,444554094132036;7,0;5,47;100,0;0,0
182;A11;48,0;A33;A43;7238,0;A65;A75;3,0;A93;A102;3,0;A123;32,0;A141;A152;2,0;A173;2,0;A191;A201;0,7;ok;3,080641746520996;3,444554094132036;2,0;5,47;100,0;0,0
183;A11;36,0;A31;A42;2746,0;A62;A74;3,875;A93;A101;1,9375;A123;31,0;A143;A153;1,0;A173;1,0;A192;A201;1,158257569495584;ok;3,9833381175994873;3,444554094132036;7,0;5,47;100,0;0,0
184;A12;24,0;A34;A43;1705,8749999999998;A61;A75;4,0;A93;A101;2,0;A122;48,0;A143;A152;2,0;A171;1,0;A192;A201;1,158257569495584;ok;2,077186346054077;3,444554094132036;2,0;5,47;100,0;0,0
185;A11;9,0;A34;A46;1366,0;A64;A73;2,875;A92;A101;3,9375;A122;24,1875;A141;A151;1,0625;A173;1,0;A191;A201;1,158257569495584;ok;3,674389600753784;3,444554094132036;9,0;5,47;100,0;0,0
186;A14;18,0;A31;A43;1505,0;A62;A71;4,0;A91;A101;2,125;A124;32,0;A142;A153;1,0625;A174;2,0;A191;A201;0,7;ok;4,557130336761475;3,444554094132036;9,0;5,47;100,0;0,0
187;A11;6,0;A32;A46;343,0;A63;A72;3,90625;A92;A101;2,125;A121;26,5625;A143;A152;1,0;A173;1,0625;A191;A201;0,7;ok;1,8346501588821411;3,444554094132036;6,0;5,47;100,0;0,0
188;A14;21,9375;A34;A43;2223,0;A62;A75;3,9375;A93;A101;3,9375;A122;52,0;A141;A152;2,0;A173;2,0;A191;A201;0,7;ok;2,390829086303711;3,444554094132036;4,0;5,47;100,0;0,0
189;A14;12,0;A31;A46;1494,9999999999998;A61;A75;4,0;A93;A101;1,0;A124;37,9375;A143;A152;1,9375;A171;2,0;A191;A201;0,7;ok;4,585119724273682;3,444554094132036;5,0;5,47;100,0;0,0
190;A13;16,125;A32;A40;2327,0;A61;A72;3,0;A92;A102;4,0;A121;25,0;A141;A152;1,0;A171;1,0;A191;A201;0,7;ok;3,530057668685913;3,444554094132036;6,0;5,47;100,0;0,0
191;A14;45,0;A34;A43;11816,0;A61;A75;2,0;A92;A101;4,0;A123;29,0;A143;A151;2,0625;A174;1,0;A191;A201;1,158257569495584;ok;4,8054399490356445;3,444554094132036;6,0;5,47;100,0;0,0
192;A12;9,750000000000002;A31;A43;1484,0;A65;A72;2,0;A94;A101;1,0;A121;25,0;A143;A152;1,0;A173;1,0;A192;A201;0,7;ok;1,1625913381576538;3,444554094132036;3,0;5,47;100,0;0,0
193;A14;36,0;A32;A46;9055,0;A65;A73;2,125;A93;A101;3,8125;A122;35,0;A141;A153;1,0625;A173;2,0;A192;A201;0,7;ok;3,2194509506225586;3,444554094132036;6,0;5,47;100,0;0,0
194;A12;12,0;A31;A43;1655,0;A61;A72;2,0;A93;A101;4,0;A121;63,0;A143;A151;2,0;A171;1,0;A192;A201;0,7;ok;4,058963775634766;3,444554094132036;4,0;5,47;100,0;0,0
195;A14;18,0;A30;A40;1453,0;A62;A71;3,0;A92;A101;1,0;A121;26,0;A143;A151;1,0;A171;1,0;A191;A201;0,7;ok;3,1082417964935303;3,444554094132036;6,0;5,47;100,0;0,0
196;A11;12,0;A32;A40;1228,0;A61;A73;4,0;A92;A101;2,0;A121;24,0;A143;A151;1,0;A171;1,0;A191;A202;1,158257569495584;ok;6,560382843017578;3,444554094132036;2,0;5,47;100,0;0,0
197;A12;6,0;A31;A40;932,0;A65;A72;1,0624999999999998;A92;A101;3,0;A122;39,0;A143;A153;2,0;A171;1,0;A191;A201;0,7;ok;4,410412788391113;3,444554094132036;5,0;5,47;100,0;0,0
198;A12;36,0;A32;A40;8086,0;A62;A75;1,9375;A93;A101;4,0;A123;42,0;A143;A152;3,8125;A174;1,0;A192;A201;0,7;ok;0,874141275882721;3,444554094132036;3,0;5,47;100,0;0,0
199;A11;6,0;A31;A40;1346,0;A62;A75;2,0;A93;A101;4,0;A124;42,0;A141;A153;1,0;A173;2,0;A192;A201;0,7;ok;2,9544053077697754;3,444554094132036;3,0;5,47;100,0;0,0
