;age;job;marital;education;default;balance;housing;loan;contact;day_of_week;month;duration;campaign;pdays;previous;poutcome;label;predict;euclidean;euclidean_medio;hamming;hamming_medio;cobertura_pct;erro_pct
0;43,0;admin.;married;tertiary;no;386,0;yes;no;cellular;13,0;jul;220,0;3,0;529,0;1,0;failure;0,2308;ok;2,862480401992798;2,7546135120689867;4,0;4,542;100,0;0,0
1;32,0;services;married;secondary;no;-21,5625;no;yes;cellular;25,0;may;204,25;1,125;181,0;1,0;failure;0,652144704487905;ok;3,4436917304992676;2,7546135120689867;7,0;4,542;100,0;0,0
2;23,0;student;single;secondary;no;287,0;yes;no;telephone;3,0;jan;700,0;2,9375;207,125;1,0;other;0,2308;ok;2,190922975540161;2,7546135120689867;4,0;4,542;100,0;0,0
3;49,6875;management;married;secondary;no;14258,9375;no;no;cellular;22,0;may;404,0;1,5;178,25;7,0;other;0,652144704487905;ok;3,4464170932769775;2,7546135120689867;9,0;4,542;100,0;0,0
4;32,0;self-employed;married;tertiary;no;1074,0;yes;no;cellular;23,0;apr;226,5;1,0;329,0;1,9375;success;0,652144704487905;ok;3,7375025749206543;2,7546135120689867;5,0;4,542;100,0;0,0
5;33,9375;technician;single;secondary;no;2085,0;no;no;cellular;10,0;aug;356,0;3,0;176,8125;2,0;success;0,2308;ok;0,041998881846666336;2,7546135120689867;2,0;4,542;100,0;0,0
6;36,0;management;married;tertiary;no;17,4375;no;no;cellular;11,0;jan;228,75;3,0;96,00000000000001;3,9375;other;0,652144704487905;ok;0,5756067037582397;2,7546135120689867;3,0;4,542;100,0;0,0
7;39,0;admin.;single;secondary;no;522,0;yes;no;telephone;14,0;may;633,375;7,0;350,0;2,0;failure;0,652144704487905;ok;1,8761436939239502;2,7546135120689867;2,0;4,542;100,0;0,0
8;36,0;blue-collar;married;primary;no;4693,0;no;no;cellular;20,0;apr;192,75;6,0;152,0;21,0;success;0,652144704487905;ok;2,415501832962036;2,7546135120689867;3,0;4,542;100,0;0,0
9;81,125;retired;married;primary;no;1203,375;no;no;cellular;27,0;jan;340,0;1,0;92,0;3,0;success;0,2308;ok;0,703404426574707;2,7546135120689867;3,0;4,542;100,0;0,0
10;47,0;blue-collar;married;tertiary;no;-287,0;yes;no;cellular;14,0;feb;220,0625;1,0;348,0;3,4375;success;0,652144704487905;ok;3,846120595932007;2,7546135120689867;6,0;4,542;100,0;0,0
11;37,0;technician;married;primary;no;2917,125;yes;yes;cellular;11,0;feb;341,0625;1,9375;380,5625;9,5625;failure;0,652144704487905;ok;1,5848658084869385;2,7546135120689867;6,0;4,542;100,0;0,0
12;51,0;management;married;tertiary;no;248,0;yes;yes;cellular;17,0;nov;170,5;1,9375;126,0;3,0;success;0,652144704487905;ok;2,182767868041992;2,7546135120689867;3,0;4,542;100,0;0,0
13;33,0;self-employed;single;tertiary;no;658,0;no;no;cellular;11,0;oct;307,0;1,0;208,0;1,0;success;0,652144704487905;ok;2,363750696182251;2,7546135120689867;2,0;4,542;100,0;0,0
14;26,0;admin.;single;tertiary;no;760,0;yes;no;cellular;6,0;sep;159,5625;1,9375;186,0;6,875000000000001;success;0,2308;ok;0,05837836489081383;2,7546135120689867;3,0;4,542;100,0;0,0
15;34,0;technician;single;secondary;no;1313,0;yes;no;telephone;6,0;jun;427,0;2,0;94,34375000000003;4,0;failure;0,652144704487905;ok;4,266330718994141;2,7546135120689867;5,0;4,542;100,0;0,0
16;31,1875;blue-collar;single;primary;no;528,0;yes;no;cellular;13,0;feb;219,0;1,0;418,25;1,0625;failure;0,652144704487905;ok;1,5028786659240723;2,7546135120689867;5,0;4,542;100,0;0,0
17;58,0;management;divorced;tertiary;no;5701,0;yes;no;cellular;30,0;apr;354,0;1,0;87,0;1,0;failure;0,2308;ok;2,9567646980285645;2,7546135120689867;2,0;4,542;100,0;0,0
18;45,0;management;married;tertiary;no;7154,0;no;no;cellular;19,0;nov;221,5625;3,0;101,24999999999999;3,0;success;0,652144704487905;ok;3,0146453380584717;2,7546135120689867;4,0;4,542;100,0;0,0
19;54,0;technician;married;secondary;no;199,5;no;no;cellular;14,0;aug;159,0;2,0;97,93749999999999;5,6875;success;0,652144704487905;ok;3,1739540100097656;2,7546135120689867;4,0;4,542;100,0;0,0
20;24,875;student;married;secondary;no;1868,0;no;no;cellular;26,0;oct;259,0;1,125;103,0;2,0;success;0,652144704487905;ok;1,8409634828567505;2,7546135120689867;4,0;4,542;100,0;0,0
21;28,21875;blue-collar;single;tertiary;no;-166,87500000000023;yes;no;cellular;15,0;feb;145,0;2,0;329,0;4,0;success;0,652144704487905;ok;2,9684624671936035;2,7546135120689867;5,0;4,542;100,0;0,0
22;40,0;admin.;single;secondary;no;985,0;yes;no;cellular;4,0;apr;592,0;3,0;104,6875;8,0;failure;0,2308;ok;1,7878992557525635;2,7546135120689867;2,0;4,542;100,0;0,0
23;44,0;blue-collar;single;primary;no;733,0;no;no;telephone;17,0;nov;360,0;2,0;105,0;4,8125;success;0,2308;ok;4,7858452796936035;2,7546135120689867;7,0;4,542;100,0;0,0
24;38,0;blue-collar;married;tertiary;no;766,1875;yes;yes;cellular;15,0;apr;632,75;2,0;335,0;1,0;failure;0,652144704487905;ok;2,8711557388305664;2,7546135120689867;6,0;4,542;100,0;0,0
25;31,0;management;married;tertiary;no;329,5;no;no;cellular;21,0;aug;145,0;1,0;281,0;3,0;failure;0,652144704487905;ok;3,2090463638305664;2,7546135120689867;5,0;4,542;100,0;0,0
26;31,5625;admin.;married;tertiary;no;3540,0;no;no;cellular;18,0;mar;213,0;1,0;178,0;1,0;failure;0,652144704487905;ok;2,4629666805267334;2,7546135120689867;4,0;4,542;100,0;0,0
27;53,0;technician;single;tertiary;no;281,0;yes;no;cellular;17,0;apr;223,9375;2,0;337,0;9,0;success;0,652144704487905;ok;3,4656732082366943;2,7546135120689867;4,0;4,542;100,0;0,0
28;35,0;blue-collar;married;primary;no;1749,0;no;no;cellular;23,0;feb;63,0;5,0;363,0;11,0;success;0,652144704487905;ok;2,7692055702209473;2,7546135120689867;4,0;4,542;100,0;0,0
29;48,375;blue-collar;divorced;secondary;no;1230,0;yes;no;cellular;27,0;nov;169,0;1,0;196,0;2,0;success;0,652144704487905;ok;2,401878833770752;2,7546135120689867;3,0;4,542;100,0;0,0
30;42,1875;management;married;tertiary;no;783,0;yes;no;cellular;19,0;mar;139,5625;2,0;89,5625;3,0;failure;0,652144704487905;ok;0,713884711265564;2,7546135120689867;4,0;4,542;100,0;0,0
31;55,5625;technician;married;primary;no;1938,0;no;yes;cellular;26,0;oct;229,0;1,0;192,0;3,9375;success;0,2308;ok;2,4640681743621826;2,7546135120689867;4,0;4,542;100,0;0,0
32;50,0;management;single;tertiary;no;-54,6875;no;yes;cellular;8,0;apr;425,0;1,0;383,5;1,9375;failure;0,652144704487905;ok;3,7780025005340576;2,7546135120689867;7,0;4,542;100,0;0,0
33;38,0;blue-collar;divorced;tertiary;no;-257,9999999999998;yes;no;cellular;14,0;may;589,0;2,0;370,0;4,0;success;0,652144704487905;ok;3,6555421352386475;2,7546135120689867;3,0;4,542;100,0;0,0
34;24,75;admin.;single;secondary;no;4590,0;no;yes;cellular;13,0;apr;75,0;1,0;281,0;2,0;success;0,652144704487905;ok;4,010126113891602;2,7546135120689867;6,0;4,542;100,0;0,0
35;35,9375;management;single;tertiary;no;1804,0;no;no;cellular;7,0;may;404,0;1,0;366,0;1,0625;failure;0,652144704487905;ok;1,5200937986373901;2,7546135120689867;4,0;4,542;100,0;0,0
36;58,0;management;married;tertiary;no;2764,0;yes;no;cellular;15,0;apr;443,5;1,0;196,0;1,0;failure;0,2308;ok;3,1811773777008057;2,7546135120689867;4,0;4,542;100,0;0,0
37;51,0;management;married;tertiary;no;922,25;no;yes;cellular;18,0;apr;182,8125;1,9375;126,0;2,9375;failure;0,652144704487905;ok;3,579342842102051;2,7546135120689867;7,0;4,542;100,0;0,0
38;33,0;management;married;tertiary;no;1,0;yes;no;cellular;5,0;aug;145,53125;8,0;367,0;1,0;other;0,652144704487905;ok;1,8623178005218506;2,7546135120689867;4,0;4,542;100,0;0,0
39;34,0;blue-collar;married;primary;no;158,0;yes;no;cellular;9,0;mar;212,0;2,9375;181,0;5,9375;success;0,2308;ok;3,574347972869873;2,7546135120689867;5,0;4,542;100,0;0,0
40;60,5;retired;married;secondary;no;272,0;no;no;telephone;11,0;feb;121,0;1,0;396,5;3,0;success;0,652144704487905;ok;2,1680591106414795;2,7546135120689867;5,0;4,542;100,0;0,0
41;37,0;entrepreneur;married;tertiary;no;824,6875;no;no;cellular;20,0;nov;223,0;1,0;177,0;2,0;success;0,652144704487905;ok;2,956768274307251;2,7546135120689867;3,0;4,542;100,0;0,0
42;55,9375;blue-collar;married;tertiary;no;2366,0;yes;yes;cellular;3,0;feb;538,0;1,9375;188,0;4,0;success;0,652144704487905;ok;2,3649654388427734;2,7546135120689867;4,0;4,542;100,0;0,0
43;45,0;blue-collar;single;secondary;no;91,0;no;no;cellular;18,0;nov;163,21875;1,0;98,00000000000001;2,0;success;0,652144704487905;ok;3,2166638374328613;2,7546135120689867;4,0;4,542;100,0;0,0
44;60,0;management;married;primary;no;315,0;yes;yes;cellular;18,0;sep;526,125;1,0;183,0;3,0;failure;0,2308;ok;5,368833541870117;2,7546135120689867;6,0;4,542;100,0;0,0
45;24,25;admin.;single;secondary;no;0,0;yes;yes;cellular;20,0;feb;201,0;1,9375;204,0;2,0;success;0,652144704487905;ok;3,413774251937866;2,7546135120689867;6,0;4,542;100,0;0,0
46;50,0;admin.;single;primary;no;859,0;no;no;telephone;9,0;sep;167,875;5,0;380,375;7,0;failure;0,652144704487905;ok;4,43000602722168;2,7546135120689867;7,0;4,542;100,0;0,0
47;33,0;services;single;tertiary;no;358,0;yes;no;cellular;15,0;may;302,0;1,0;387,125;3,0;failure;0,652144704487905;ok;1,7491424083709717;2,7546135120689867;3,0;4,542;100,0;0,0
48;32,0;management;single;secondary;no;2115,25;yes;no;cellular;15,0;may;300,84375;1,0;368,0;1,0;success;0,652144704487905;ok;2,3929998874664307;2,7546135120689867;4,0;4,542;100,0;0,0
49;60,0;management;married;primary;no;1906,0;no;no;telephone;2,0;sep;184,0;1,0;60,0;2,0625;other;0,652144704487905;ok;1,5514953136444092;2,7546135120689867;4,0;4,542;100,0;0,0
50;34,0;blue-collar;married;secondary;no;2978,78125;yes;no;cellular;15,0;may;427,375;1,0;176,0;2,0;success;0,652144704487905;ok;2,2191548347473145;2,7546135120689867;4,0;4,542;100,0;0,0
51;54,875;admin.;single;secondary;no;1796,0;no;yes;cellular;17,0;aug;295,0;2,0;91,0;1,9375;success;0,2308;ok;4,613026142120361;2,7546135120689867;8,0;4,542;100,0;0,0
52;50,0;management;married;tertiary;no;5746,59375;yes;no;cellular;25,0;jan;455,0;2,0;544,0;2,0;failure;0,2308;ok;2,108128786087036;2,7546135120689867;3,0;4,542;100,0;0,0
53;34,0;admin.;married;tertiary;no;966,875;yes;no;cellular;20,0;jun;144,5;2,0;85,0;1,0;success;0,652144704487905;ok;2,0584959983825684;2,7546135120689867;4,0;4,542;100,0;0,0
54;33,0;services;single;secondary;no;445,46875;yes;no;cellular;15,0;feb;148,0;2,0;349,96875;2,0;other;0,652144704487905;ok;1,449339747428894;2,7546135120689867;3,0;4,542;100,0;0,0
55;41,0;technician;married;secondary;no;215,5;no;yes;cellular;5,0;feb;13,0;8,0;369,25;9,0;success;0,652144704487905;ok;4,236546516418457;2,7546135120689867;5,0;4,542;100,0;0,0
56;38,0;technician;single;tertiary;no;0,0;no;no;cellular;14,0;may;283,0;1,0;288,0;11,5;other;0,652144704487905;ok;2,029205083847046;2,7546135120689867;3,0;4,542;100,0;0,0
57;36,0;management;single;tertiary;no;1007,8124999999999;yes;yes;telephone;1,0;sep;167,375;1,0;457,0;2,0;failure;0,652144704487905;ok;3,952410936355591;2,7546135120689867;4,0;4,542;100,0;0,0
58;82,0;retired;married;primary;no;928,0;no;yes;cellular;9,0;mar;217,0;1,9375;186,6875;5,0;success;0,652144704487905;ok;4,874875068664551;2,7546135120689867;9,0;4,542;100,0;0,0
59;47,9375;technician;divorced;secondary;no;12,0;no;yes;cellular;15,0;may;185,3125;4,0625;361,0;1,0;success;0,652144704487905;ok;2,6817915439605713;2,7546135120689867;6,0;4,542;100,0;0,0
60;24,0;admin.;married;tertiary;no;0,0;yes;yes;cellular;3,0;aug;186,5;1,875;254,0;1,0;other;0,652144704487905;ok;3,4225945472717285;2,7546135120689867;9,0;4,542;100,0;0,0
61;33,0;services;married;secondary;no;4789,0;yes;yes;cellular;11,0;mar;220,0;1,0;335,84375;4,0;success;0,652144704487905;ok;2,1969242095947266;2,7546135120689867;3,0;4,542;100,0;0,0
62;36,0;technician;single;secondary;no;984,4374999999999;no;no;cellular;8,0;oct;180,3125;2,0;91,0;13,0;failure;0,652144704487905;ok;0,2055097073316574;2,7546135120689867;2,0;4,542;100,0;0,0
63;30,0;student;married;secondary;no;459,0;no;no;cellular;13,0;jul;227,375;2,0;210,0;22,0;success;0,652144704487905;ok;1,5938737392425537;2,7546135120689867;2,0;4,542;100,0;0,0
64;28,0;management;married;secondary;no;2,8125;yes;no;cellular;14,0;sep;166,4375;1,9375;41,1875;2,0;other;0,652144704487905;ok;0,2856704294681549;2,7546135120689867;4,0;4,542;100,0;0,0
65;58,0;admin.;married;secondary;no;580,0000000000001;no;no;telephone;11,0;feb;219,90625;3,0;5,0;3,0;success;0,652144704487905;ok;2,8440706729888916;2,7546135120689867;4,0;4,542;100,0;0,0
66;51,0;management;divorced;secondary;no;-27,40625;yes;no;cellular;10,0;may;496,75;1,0;263,0;5,0;failure;0,652144704487905;ok;0,2520562410354614;2,7546135120689867;3,0;4,542;100,0;0,0
67;35,9375;management;married;secondary;no;506,0;no;no;cellular;30,0;nov;217,0;1,0;70,0;2,0;failure;0,652144704487905;ok;3,7322444915771484;2,7546135120689867;4,0;4,542;100,0;0,0
68;37,0;blue-collar;single;secondary;no;98,0625;yes;no;cellular;5,0;may;557,3125;1,9375;272,0;2,0;failure;0,652144704487905;ok;2,5848779678344727;2,7546135120689867;6,0;4,542;100,0;0,0
69;54,0;management;divorced;tertiary;no;-89,49999999999977;no;yes;cellular;10,0;dec;501,0;2,0;188,0;2,0;failure;0,2308;ok;2,283949613571167;2,7546135120689867;3,0;4,542;100,0;0,0
70;45,375;technician;single;tertiary;no;294,0;yes;yes;telephone;4,0;jul;549,5;1,0;196,0;1,0;failure;0,652144704487905;ok;5,885246753692627;2,7546135120689867;9,0;4,542;100,0;0,0
71;30,0625;management;single;tertiary;no;649,3749999999999;no;no;cellular;6,0;feb;136,375;4,0;375,0;2,0;failure;0,652144704487905;ok;1,3016321659088135;2,7546135120689867;4,0;4,542;100,0;0,0
72;41,0;management;married;tertiary;no;3426,0;no;no;cellular;23,0;mar;102,0;2,0;297,0;2,9375;failure;0,652144704487905;ok;2,830260753631592;2,7546135120689867;4,0;4,542;100,0;0,0
73;29,0;admin.;single;primary;no;-138,34374999999955;no;no;cellular;18,0;may;536,0;2,0;393,5;3,875;failure;0,652144704487905;ok;2,9195306301116943;2,7546135120689867;7,0;4,542;100,0;0,0
74;32,0;admin.;married;tertiary;no;337,0;no;no;cellular;25,0;apr;145,53125;3,0;368,0;1,0;failure;0,652144704487905;ok;3,0153379440307617;2,7546135120689867;4,0;4,542;100,0;0,0
75;42,0;technician;married;tertiary;no;3718,0;yes;no;cellular;5,0;feb;42,0;1,0;183,5;2,0;success;0,652144704487905;ok;3,1130781173706055;2,7546135120689867;4,0;4,542;100,0;0,0
76;40,75;blue-collar;married;primary;no;-181,56250000000023;yes;no;cellular;6,0;feb;620,0;2,875;200,0;4,0625;success;0,2308;ok;0,7468212246894836;2,7546135120689867;4,0;4,542;100,0;0,0
77;33,0;management;married;secondary;no;48,0;yes;no;cellular;6,0;may;402,78125;1,0625;173,0;5,0;success;0,652144704487905;ok;3,0526912212371826;2,7546135120689867;6,0;4,542;100,0;0,0
78;42,0;blue-collar;divorced;primary;no;402,0;no;no;cellular;13,0;feb;73,03125;7,0;330,0;17,0;success;0,652144704487905;ok;3,0102040767669678;2,7546135120689867;4,0;4,542;100,0;0,0
79;40,8125;technician;married;tertiary;no;444,9999999999998;no;yes;cellular;3,0;feb;255,5625;3,875;374,0;3,8125;failure;0,652144704487905;ok;3,585097551345825;2,7546135120689867;9,0;4,542;100,0;0,0
80;44,1875;blue-collar;married;primary;no;6491,0;no;no;cellular;5,0;nov;226,0;2,0;174,0;1,0;success;0,652144704487905;ok;3,7470502853393555;2,7546135120689867;6,0;4,542;100,0;0,0
81;54,0;self-employed;divorced;secondary;no;534,0;yes;no;cellular;2,0;feb;165,0;1,0;185,75;4,0;success;0,652144704487905;ok;2,634263277053833;2,7546135120689867;3,0;4,542;100,0;0,0
82;30,0;admin.;single;secondary;no;1069,25;no;no;cellular;4,0;aug;250,0;1,0;92,0;2,0;failure;0,652144704487905;ok;1,028050184249878;2,7546135120689867;1,0;4,542;100,0;0,0
83;44,0;admin.;married;secondary;no;1070,0;yes;no;cellular;12,0;aug;165,5;2,0;104,0;2,9375;success;0,652144704487905;ok;2,755107879638672;2,7546135120689867;5,0;4,542;100,0;0,0
84;53,125;admin.;divorced;secondary;no;2057,6875;no;yes;cellular;12,0;apr;261,0;1,125;281,25;4,0;failure;0,652144704487905;ok;4,44038724899292;2,7546135120689867;9,0;4,542;100,0;0,0
85;30,9375;management;married;tertiary;no;923,0625;yes;no;cellular;6,0;may;455,0;1,0625;384,0;2,9375;other;0,2308;ok;2,956336259841919;2,7546135120689867;10,0;4,542;100,0;0,0
86;73,125;management;single;tertiary;no;1309,0;yes;no;cellular;3,0;apr;586,1875;1,0;281,0;1,9375;failure;0,652144704487905;ok;5,701584339141846;2,7546135120689867;9,0;4,542;100,0;0,0
87;26,0;entrepreneur;single;secondary;no;101,0;yes;no;cellular;6,0;feb;810,0;1,0;186,4375;1,0;failure;0,652144704487905;ok;0,666729748249054;2,7546135120689867;2,0;4,542;100,0;0,0
88;54,0;admin.;single;secondary;no;-135,0;yes;yes;telephone;14,0;may;588,5625;4,0;369,40625;2,0;other;0,652144704487905;ok;4,8402228355407715;2,7546135120689867;8,0;4,542;100,0;0,0
89;31,0;management;single;secondary;no;292,0000000000002;yes;no;cellular;20,0;aug;207,0;1,0;376,25;2,0;success;0,652144704487905;ok;2,673574209213257;2,7546135120689867;5,0;4,542;100,0;0,0
90;36,0;technician;married;tertiary;no;910,2812499999999;no;yes;cellular;25,0;may;226,6875;2,0625;52,0625;3,0;failure;0,652144704487905;ok;2,0763120651245117;2,7546135120689867;5,0;4,542;100,0;0,0
91;42,15625;admin.;married;secondary;no;641,0;yes;no;cellular;11,0;aug;170,0625;1,0;40,0;1,0;other;0,652144704487905;ok;2,224334955215454;2,7546135120689867;5,0;4,542;100,0;0,0
92;54,0;entrepreneur;married;tertiary;no;2786,5;no;yes;telephone;27,0;may;406,5;1,0;330,4375;4,0;failure;0,652144704487905;ok;4,224849700927734;2,7546135120689867;7,0;4,542;100,0;0,0
93;55,0;blue-collar;single;secondary;no;12401,0;yes;no;telephone;5,0;feb;98,5;9,0;511,0;4,0;success;0,652144704487905;ok;3,223254442214966;2,7546135120689867;5,0;4,542;100,0;0,0
94;37,0;admin.;married;tertiary;no;0,0;yes;yes;cellular;25,0;apr;295,5;3,0;349,0;2,0;failure;0,652144704487905;ok;3,503120183944702;2,7546135120689867;4,0;4,542;100,0;0,0
95;40,0;blue-collar;married;primary;no;1411,0;yes;no;cellular;12,0;may;630,25;1,9375;357,0;2,0;failure;0,652144704487905;ok;1,8416657447814941;2,7546135120689867;2,0;4,542;100,0;0,0
96;34,0;management;single;tertiary;no;872,0;yes;yes;cellular;17,0;apr;310,25;1,0;345,0;2,0;success;0,652144704487905;ok;3,3716635704040527;2,7546135120689867;3,0;4,542;100,0;0,0
97;38,0;technician;divorced;primary;no;318,0;yes;no;cellular;7,0;jan;214,5;1,0625;182,0;6,5625;success;0,2308;ok;3,015489101409912;2,7546135120689867;8,0;4,542;100,0;0,0
98;25,03125;student;married;secondary;no;0,0;no;yes;telephone;7,0;may;217,0;2,0;39,0;7,0;success;0,2308;ok;4,752388000488281;2,7546135120689867;7,0;4,542;100,0;0,0
99;24,25;blue-collar;single;tertiary;no;295,0;no;no;cellular;3,0;may;244,5;3,125;286,25;1,0625;other;0,652144704487905;ok;3,992107391357422;2,7546135120689867;10,0;4,542;100,0;0,0
100;36,0;management;married;tertiary;no;2949,71875;yes;yes;cellular;30,0;apr;193,40625;2,0;358,9375;3,0;success;0,2308;ok;0,7540632486343384;2,7546135120689867;3,0;4,542;100,0;0,0
101;32,4375;management;single;tertiary;no;987,0625;no;no;cellular;6,0;jan;328,3125;3,0;397,0;1,9375;failure;0,652144704487905;ok;1,6627269983291626;2,7546135120689867;6,0;4,542;100,0;0,0
102;37,15625;management;married;tertiary;no;-178,81250000000023;no;no;cellular;24,0;feb;562,0;2,0;183,0;10,0;other;0,2308;ok;1,1039410829544067;2,7546135120689867;3,0;4,542;100,0;0,0
103;40,0;blue-collar;married;secondary;no;195,0;yes;no;cellular;5,0;feb;99,0;4,9375;333,0;5,0;success;0,652144704487905;ok;1,8092327117919922;2,7546135120689867;3,0;4,542;100,0;0,0
104;39,0;management;divorced;secondary;no;-17,0;no;no;cellular;16,0;apr;316,0;1,0;146,0;3,9375;success;0,652144704487905;ok;2,177778482437134;2,7546135120689867;2,0;4,542;100,0;0,0
105;33,0;services;single;tertiary;no;3269,0;no;yes;cellular;4,0;nov;563,25;1,0625;96,24999999999999;1,0625;failure;0,652144704487905;ok;2,703648805618286;2,7546135120689867;6,0;4,542;100,0;0,0
106;36,0625;services;married;tertiary;no;1053,0;yes;no;telephone;30,0;jan;190,5;1,0;400,375;1,0;failure;0,652144704487905;ok;1,8550227880477905;2,7546135120689867;4,0;4,542;100,0;0,0
107;75,0;retired;married;primary;no;1926,0;no;no;cellular;17,0;aug;761,0;1,0625;92,99999999999999;1,7499999999999998;other;0,2308;ok;3,5268521308898926;2,7546135120689867;5,0;4,542;100,0;0,0
108;35,96875;services;single;tertiary;no;1536,34375;yes;no;cellular;22,0;may;297,125;1,0;10,0;6,0;success;0,652144704487905;ok;2,988046407699585;2,7546135120689867;6,0;4,542;100,0;0,0
109;46,0;entrepreneur;married;primary;no;8873,0;yes;no;cellular;19,0;feb;172,0;1,0;118,0;2,0625;success;0,652144704487905;ok;2,7832701206207275;2,7546135120689867;3,0;4,542;100,0;0,0
110;30,0625;management;single;secondary;no;270,0;no;no;cellular;26,0;apr;394,0;1,0;80,0;1,0;other;0,2308;ok;1,7282335758209229;2,7546135120689867;5,0;4,542;100,0;0,0
111;23,0;blue-collar;single;secondary;no;794,0;no;no;cellular;26,0;jul;607,0;3,0;171,0;3,0;failure;0,2308;ok;2,4098947048187256;2,7546135120689867;2,0;4,542;100,0;0,0
112;47,0;management;single;primary;no;149,0625;yes;no;cellular;15,0;may;257,25;6,0;357,0;13,0;success;0,652144704487905;ok;1,8611217737197876;2,7546135120689867;5,0;4,542;100,0;0,0
113;41,0;unemployed;single;secondary;no;75,0;no;no;cellular;8,0;feb;101,25;2,0;344,0;1,0;success;0,652144704487905;ok;3,290675163269043;2,7546135120689867;4,0;4,542;100,0;0,0
114;34,0;student;married;tertiary;no;118,25;yes;yes;cellular;3,0;feb;232,125;1,0;281,0;2,0;failure;0,652144704487905;ok;3,893644094467163;2,7546135120689867;8,0;4,542;100,0;0,0
115;32,0;unemployed;single;secondary;no;1249,0;yes;no;cellular;20,0;sep;181,25;1,0;64,25;5,0;other;0,652144704487905;ok;1,0773468017578125;2,7546135120689867;4,0;4,542;100,0;0,0
116;35,0;management;single;secondary;no;1239,0;yes;no;cellular;5,0;feb;60,0;2,0;347,0;1,0625;success;0,652144704487905;ok;2,770862579345703;2,7546135120689867;4,0;4,542;100,0;0,0
117;32,0;blue-collar;single;secondary;no;259,0;yes;no;cellular;8,0;aug;162,03125;3,0;354,0;1,0;success;0,652144704487905;ok;2,9717559814453125;2,7546135120689867;3,0;4,542;100,0;0,0
118;36,0;technician;single;secondary;no;103,0;no;no;cellular;5,0;apr;182,375;2,0;471,5;2,0;failure;0,652144704487905;ok;3,2346010208129883;2,7546135120689867;4,0;4,542;100,0;0,0
119;33,0;technician;single;secondary;no;359,0;yes;no;cellular;20,0;apr;260,90625;1,0;203,0;1,0;success;0,652144704487905;ok;1,8797498941421509;2,7546135120689867;4,0;4,542;100,0;0,0
120;41,0;admin.;single;secondary;no;90,0;yes;no;cellular;15,0;aug;267,125;2,0;451,0;4,0;failure;0,652144704487905;ok;2,3511791229248047;2,7546135120689867;3,0;4,542;100,0;0,0
121;48,0;blue-collar;divorced;secondary;no;1230,0;yes;no;cellular;13,0;may;328,0;2,0;174,125;3,0;success;0,2308;ok;1,4834487438201904;2,7546135120689867;2,0;4,542;100,0;0,0
122;33,0;management;married;secondary;no;350,5;no;no;cellular;19,0;nov;1435,0;3,0;99,00000000000001;5,0;failure;0,652144704487905;ok;1,4120997190475464;2,7546135120689867;2,0;4,542;100,0;0,0
123;77,0;retired;married;primary;no;680,0;yes;no;telephone;17,0;nov;341,0;4,0;94,00000000000001;3,0;failure;0,2308;ok;2,363750696182251;2,7546135120689867;2,0;4,542;100,0;0,0
124;37,9375;self-employed;married;secondary;no;13,4375;yes;no;cellular;20,0;mar;173,125;1,0;89,1875;2,0;failure;0,652144704487905;ok;1,0162882804870605;2,7546135120689867;6,0;4,542;100,0;0,0
125;32,0;technician;single;tertiary;no;2976,0;no;no;cellular;5,0;feb;783,0;1,0;175,0;5,0;failure;0,652144704487905;ok;2,4893147945404053;2,7546135120689867;2,0;4,542;100,0;0,0
126;33,0;management;single;secondary;no;1311,875;yes;no;cellular;16,0;nov;162,375;2,0;95,09375000000001;1,0;success;0,652144704487905;ok;2,4949917793273926;2,7546135120689867;5,0;4,542;100,0;0,0
127;49,1875;services;single;primary;no;2419,0;no;yes;cellular;11,0;jun;571,6875;3,0;342,0;3,0;other;0,652144704487905;ok;4,540713310241699;2,7546135120689867;9,0;4,542;100,0;0,0
128;29,0;management;married;secondary;no;231,0;no;no;cellular;21,0;may;1075,0;1,0;14,0;2,0;failure;0,652144704487905;ok;0,9279590249061584;2,7546135120689867;2,0;4,542;100,0;0,0
129;37,0;technician;married;secondary;no;83,0;yes;no;cellular;6,0;apr;142,0625;1,0;324,25;1,0;success;0,652144704487905;ok;3,208120822906494;2,7546135120689867;4,0;4,542;100,0;0,0
130;32,0;services;married;secondary;no;-538,0;no;yes;cellular;15,0;may;233,0;1,0;353,0;5,0;success;0,652144704487905;ok;2,4649648666381836;2,7546135120689867;2,0;4,542;100,0;0,0
131;38,0;management;single;tertiary;no;35,0;yes;no;cellular;17,0;apr;156,0;1,0;371,5;3,0;success;0,652144704487905;ok;2,316800832748413;2,7546135120689867;2,0;4,542;100,0;0,0
132;38,0;technician;married;tertiary;no;27,875;no;no;cellular;8,0;feb;208,5;2,0;185,46875;3,9375;success;0,2308;ok;1,7651675939559937;2,7546135120689867;5,0;4,542;100,0;0,0
133;34,0;management;divorced;tertiary;no;286,0;no;no;cellular;25,0;feb;158,0;1,1875;395,5625;3,875;other;0,652144704487905;ok;3,2539167404174805;2,7546135120689867;9,0;4,542;100,0;0,0
134;49,0;management;single;tertiary;no;495,3125;no;no;cellular;1,0;jun;163,03125;1,0;42,3125;1,0;success;0,652144704487905;ok;2,1778855323791504;2,7546135120689867;4,0;4,542;100,0;0,0
135;34,0;management;married;tertiary;no;1657,0;yes;yes;cellular;18,0;may;566,0;2,0;356,0;4,0;other;0,2308;ok;2,594568967819214;2,7546135120689867;2,0;4,542;100,0;0,0
136;30,0;admin.;single;secondary;no;81,0;no;no;cellular;6,0;aug;225,125;6,0;101,31250000000001;3,0;success;0,652144704487905;ok;2,3271710872650146;2,7546135120689867;4,0;4,542;100,0;0,0
137;47,0;admin.;married;secondary;no;310,875;yes;yes;cellular;18,0;nov;166,25;1,0;188,0;1,0625;success;0,652144704487905;ok;2,2531919479370117;2,7546135120689867;4,0;4,542;100,0;0,0
138;36,0;admin.;married;secondary;no;788,0;yes;no;cellular;15,0;sep;407,21875;1,0;363,75;1,0;failure;0,652144704487905;ok;1,4351524114608765;2,7546135120689867;4,0;4,542;100,0;0,0
139;35,0;technician;single;tertiary;no;-151,90625;no;yes;cellular;3,0;may;573,75;2,875;358,59375;1,0625;failure;0,652144704487905;ok;5,562745094299316;2,7546135120689867;11,0;4,542;100,0;0,0
140;38,0;entrepreneur;married;secondary;no;351,0;yes;no;cellular;4,0;feb;218,25;1,0;87,0;2,9375;failure;0,652144704487905;ok;1,3492560386657715;2,7546135120689867;3,0;4,542;100,0;0,0
141;48,0;blue-collar;married;secondary;no;577,9999999999999;yes;yes;cellular;2,0;feb;71,0;1,0;185,0;1,0;success;0,652144704487905;ok;3,2497453689575195;2,7546135120689867;4,0;4,542;100,0;0,0
142;72,0;retired;married;primary;no;4428,0625;no;no;cellular;15,0;feb;132,0;4,0;93,37500000000003;16,0;success;0,652144704487905;ok;2,9699583053588867;2,7546135120689867;5,0;4,542;100,0;0,0
143;30,0625;blue-collar;single;secondary;yes;426,125;no;no;cellular;19,0;dec;426,0;2,0;186,5;6,0;failure;0,652144704487905;ok;2,022156238555908;2,7546135120689867;4,0;4,542;100,0;0,0
144;32,125;technician;divorced;primary;no;481,125;yes;no;cellular;10,0;aug;1064,0;1,0;129,5;3,0;other;0,2308;ok;3,8712446689605713;2,7546135120689867;8,0;4,542;100,0;0,0
145;46,375;housemaid;single;tertiary;no;3181,375;no;no;telephone;17,0;apr;293,8125;1,0;274,0;2,0;other;0,2308;ok;2,300764799118042;2,7546135120689867;6,0;4,542;100,0;0,0
146;38,0;management;divorced;tertiary;no;176,06249999999977;yes;no;cellular;22,0;oct;234,0;2,0;35,75;1,0;success;0,2308;ok;1,6907538175582886;2,7546135120689867;4,0;4,542;100,0;0,0
147;36,5;admin.;divorced;secondary;no;4747,3125;yes;no;cellular;4,0;dec;720,0;5,0;536,0;5,4375;failure;0,2308;ok;3,295912027359009;2,7546135120689867;6,0;4,542;100,0;0,0
148;78,5;retired;married;primary;no;3324,0;no;no;cellular;17,0;feb;309,0;1,0;90,0;4,0;failure;0,2308;ok;2,3155312538146973;2,7546135120689867;3,0;4,542;100,0;0,0
149;29,0;technician;single;secondary;no;323,0;yes;no;cellular;27,0;aug;148,0;1,9375;94,00000000000001;1,0;other;0,652144704487905;ok;2,000441312789917;2,7546135120689867;2,0;4,542;100,0;0,0
150;29,0;services;divorced;secondary;no;6567,0;yes;yes;cellular;15,0;nov;792,0;2,0;298,625;1,0;other;0,2308;ok;3,001978874206543;2,7546135120689867;5,0;4,542;100,0;0,0
151;30,625;student;single;secondary;no;4330,8125;yes;no;cellular;5,0;jun;262,0;3,25;106,93750000000001;3,0;failure;0,2308;ok;3,1626546382904053;2,7546135120689867;9,0;4,542;100,0;0,0
152;34,6875;management;single;tertiary;no;275,0;no;no;cellular;12,0;aug;196,0;2,0;455,0;23,0;other;0,652144704487905;ok;1,2612988948822021;2,7546135120689867;2,0;4,542;100,0;0,0
153;37,0;admin.;married;tertiary;no;539,0;yes;no;cellular;25,0;sep;168,0;2,0;45,0;1,0;failure;0,2308;ok;2,347186803817749;2,7546135120689867;2,0;4,542;100,0;0,0
154;49,0;technician;married;tertiary;no;2564,9375;no;no;cellular;21,0;dec;397,0;2,875;131,0;2,0;failure;0,652144704487905;ok;3,142631769180298;2,7546135120689867;4,0;4,542;100,0;0,0
155;38,0;housemaid;married;primary;no;211,0;no;no;cellular;31,0;aug;443,0;2,0;186,0;3,0;failure;0,652144704487905;ok;2,0131120681762695;2,7546135120689867;1,0;4,542;100,0;0,0
156;42,0;technician;married;secondary;no;1012,1875;no;no;cellular;26,0;jun;165,0;1,0;104,0;3,0;success;0,652144704487905;ok;0,6059168577194214;2,7546135120689867;3,0;4,542;100,0;0,0
157;36,9375;technician;single;secondary;no;1016,0;no;yes;cellular;20,0;mar;195,0;3,0;41,75;1,0;failure;0,652144704487905;ok;2,569801092147827;2,7546135120689867;5,0;4,542;100,0;0,0
158;34,25;management;married;tertiary;no;231,5625;yes;yes;cellular;8,0;aug;209,0;3,0;397,4375;2,875;other;0,652144704487905;ok;3,1145055294036865;2,7546135120689867;6,0;4,542;100,0;0,0
159;67,0;retired;divorced;primary;no;1669,625;no;no;cellular;14,0;jan;604,3125;2,0;91,18749999999997;2,9375;success;0,652144704487905;ok;2,7055587768554688;2,7546135120689867;7,0;4,542;100,0;0,0
160;30,0;student;single;tertiary;no;1447,84375;yes;no;cellular;18,0;mar;298,0;1,0;355,0;1,0;success;0,652144704487905;ok;3,5838468074798584;2,7546135120689867;5,0;4,542;100,0;0,0
161;43,0;management;married;primary;no;321,0;yes;no;cellular;6,0;feb;75,875;5,0;268,0;6,0;success;0,652144704487905;ok;1,9046168327331543;2,7546135120689867;3,0;4,542;100,0;0,0
162;27,0;technician;single;tertiary;no;808,0;yes;yes;cellular;6,0;apr;578,0;1,0;364,0;5,0;other;0,2308;ok;3,675016164779663;2,7546135120689867;4,0;4,542;100,0;0,0
163;27,0;management;single;secondary;no;245,0;yes;no;cellular;5,0;feb;234,5;7,0;255,0;11,0;success;0,652144704487905;ok;2,975074529647827;2,7546135120689867;4,0;4,542;100,0;0,0
164;48,0;services;married;secondary;no;51,0;yes;no;cellular;2,0;feb;225,625;1,0;262,0;1,0;success;0,652144704487905;ok;3,2659473419189453;2,7546135120689867;3,0;4,542;100,0;0,0
165;45,0;services;divorced;secondary;no;608,0;yes;yes;cellular;7,0;may;1135,0;3,0625;323,0;30,000000000000004;success;0,652144704487905;ok;2,1780941486358643;2,7546135120689867;2,0;4,542;100,0;0,0
166;39,0;blue-collar;single;secondary;no;321,875;no;no;cellular;14,0;sep;315,0;6,0;394,0;1,0;other;0,2308;ok;2,7343249320983887;2,7546135120689867;4,0;4,542;100,0;0,0
167;29,0;blue-collar;married;secondary;no;3310,0;no;no;cellular;2,0;jun;344,0;2,0;117,74999999999999;2,0;success;0,652144704487905;ok;2,1777119636535645;2,7546135120689867;2,0;4,542;100,0;0,0
168;34,0;blue-collar;single;tertiary;no;2764,0;yes;no;cellular;11,0;mar;158,0;1,0;357,0;1,0;success;0,652144704487905;ok;2,6211748123168945;2,7546135120689867;4,0;4,542;100,0;0,0
169;35,0;admin.;single;tertiary;no;221,0;yes;no;cellular;12,0;may;400,9375;1,0625;390,875;1,0;failure;0,652144704487905;ok;4,099973678588867;2,7546135120689867;7,0;4,542;100,0;0,0
170;39,0;services;married;primary;no;10610,5625;no;no;cellular;15,0;may;279,0;1,0;286,5625;2,0;failure;0,652144704487905;ok;4,615956783294678;2,7546135120689867;6,0;4,542;100,0;0,0
171;27,375;technician;single;tertiary;no;535,0;yes;yes;cellular;16,0;nov;183,0;4,0;36,50000000000003;1,0;success;0,2308;ok;4,658106803894043;2,7546135120689867;7,0;4,542;100,0;0,0
172;33,375;technician;married;tertiary;no;237,25000000000023;no;yes;cellular;12,0;feb;76,0;2,0;62,0;1,0;success;0,652144704487905;ok;5,205133438110352;2,7546135120689867;10,0;4,542;100,0;0,0
173;35,0;services;married;primary;no;4943,0;yes;no;cellular;6,0;nov;295,0;1,0;118,43750000000001;2,0625;success;0,652144704487905;ok;3,9754536151885986;2,7546135120689867;6,0;4,542;100,0;0,0
174;47,03125;services;divorced;secondary;no;864,0;no;yes;cellular;18,0;nov;168,0;5,0625;186,78125;2,0;success;0,652144704487905;ok;3,792112350463867;2,7546135120689867;7,0;4,542;100,0;0,0
175;21,0;blue-collar;married;primary;no;-172,00000000000023;yes;yes;cellular;15,0;feb;409,0;1,0;370,8125;3,0;failure;0,652144704487905;ok;1,44645357131958;2,7546135120689867;2,0;4,542;100,0;0,0
176;39,5625;blue-collar;single;secondary;no;209,0;yes;no;cellular;12,0;may;574,5;1,9375;344,59375;3,0;other;0,652144704487905;ok;3,702798843383789;2,7546135120689867;6,0;4,542;100,0;0,0
177;53,25;retired;single;secondary;no;2398,0;yes;yes;telephone;30,0;aug;317,0;1,0;180,25;2,0;success;0,652144704487905;ok;5,928405284881592;2,7546135120689867;7,0;4,542;100,0;0,0
178;39,0;self-employed;single;tertiary;no;2298,0;no;yes;cellular;20,0;apr;221,8125;2,0;319,0;18,0;success;0,652144704487905;ok;2,4660282135009766;2,7546135120689867;3,0;4,542;100,0;0,0
179;57,0;management;single;tertiary;no;772,0;yes;no;cellular;30,0;mar;201,0;1,0;375,625;1,0;failure;0,652144704487905;ok;5,444651126861572;2,7546135120689867;6,0;4,542;100,0;0,0
180;53,0;retired;married;primary;no;2269,0;no;no;telephone;17,0;nov;1091,0;2,0;150,0;1,0;success;0,2308;ok;4,24023962020874;2,7546135120689867;2,0;4,542;100,0;0,0
181;33,0;admin.;single;tertiary;no;901,0;no;no;cellular;3,0;feb;218,0;5,0;6,0;3,0;success;0,652144704487905;ok;1,997113823890686;2,7546135120689867;3,0;4,542;100,0;0,0
182;57,5625;technician;divorced;secondary;no;6507,0;yes;yes;cellular;30,0;feb;224,5;1,0;403,375;1,0;failure;0,652144704487905;ok;4,022830963134766;2,7546135120689867;8,0;4,542;100,0;0,0
183;82,0;blue-collar;married;primary;no;8603,0;no;no;telephone;22,0;oct;423,375;3,0;107,0;1,0;success;0,652144704487905;ok;3,4419336318969727;2,7546135120689867;3,0;4,542;100,0;0,0
184;19,124999999999996;student;single;secondary;no;424,0;no;no;cellular;30,0;feb;121,0;3,0;195,0;2,0;other;0,2308;ok;0,8666535019874573;2,7546135120689867;2,0;4,542;100,0;0,0
185;32,0;blue-collar;married;secondary;no;11073,250000000002;yes;no;cellular;27,0;apr;281,0;4,0;97,99999999999999;4,125;success;0,652144704487905;ok;3,395087480545044;2,7546135120689867;5,0;4,542;100,0;0,0
186;33,0;admin.;married;tertiary;no;882,0;no;no;cellular;27,0;oct;164,125;1,0;151,0;3,0;success;0,652144704487905;ok;3,9610722064971924;2,7546135120689867;4,0;4,542;100,0;0,0
187;54,0;retired;divorced;tertiary;no;319,5;yes;no;cellular;12,0;may;176,0;2,0;175,0;1,0625;success;0,652144704487905;ok;2,1778132915496826;2,7546135120689867;3,0;4,542;100,0;0,0
188;34,25;blue-collar;married;secondary;no;2404,125;no;no;cellular;12,0;feb;314,53125;3,0;394,625;8,5;failure;0,652144704487905;ok;2,9438846111297607;2,7546135120689867;9,0;4,542;100,0;0,0
189;46,3125;management;married;secondary;no;583,0000000000001;no;no;cellular;12,0;may;495,0;1,0;369,875;2,0625;failure;0,652144704487905;ok;2,9767556190490723;2,7546135120689867;7,0;4,542;100,0;0,0
190;32,875;blue-collar;single;tertiary;no;700,0;no;no;cellular;30,0;apr;169,0;1,0;36,125;2,0;success;0,2308;ok;0,35236313939094543;2,7546135120689867;2,0;4,542;100,0;0,0
191;38,0;services;married;secondary;no;61,5625;no;no;cellular;12,0;apr;239,0;1,1875;99,75;4,0;failure;0,652144704487905;ok;2,5569398403167725;2,7546135120689867;6,0;4,542;100,0;0,0
192;43,25;technician;married;tertiary;no;427,34375;no;no;cellular;12,0;aug;181,0;2,0;299,46875;1,0;failure;0,652144704487905;ok;3,1733903884887695;2,7546135120689867;6,0;4,542;100,0;0,0
193;32,0;management;single;tertiary;no;344,0;no;yes;cellular;5,0;nov;229,0;7,0;98,8125;9,0;other;0,652144704487905;ok;2,8101422786712646;2,7546135120689867;5,0;4,542;100,0;0,0
194;60,0;technician;married;secondary;no;1139,0;no;no;cellular;6,0;feb;216,5;1,9375;91,0;2,0;failure;0,652144704487905;ok;1,152320384979248;2,7546135120689867;3,0;4,542;100,0;0,0
195;30,0;management;married;secondary;no;-559,0;no;no;cellular;7,0;may;224,5;3,0;167,0;2,0;success;0,652144704487905;ok;4,044666767120361;2,7546135120689867;5,0;4,542;100,0;0,0
196;41,0;blue-collar;married;secondary;no;306,0;yes;no;telephone;11,0;aug;142,53125;1,0;369,0;1,9375;failure;0,652144704487905;ok;2,0382778644561768;2,7546135120689867;3,0;4,542;100,0;0,0
197;43,0;services;divorced;secondary;no;266,0;yes;yes;cellular;20,0;aug;142,375;1,0;178,25;1,0;success;0,652144704487905;ok;2,2254738807678223;2,7546135120689867;4,0;4,542;100,0;0,0
198;30,0;management;married;secondary;no;3217,625;no;no;cellular;12,0;may;202,0;1,0;83,0;5,0;failure;0,652144704487905;ok;2,6539571285247803;2,7546135120689867;4,0;4,542;100,0;0,0
199;38,0;self-employed;married;secondary;no;288,65625;yes;no;cellular;25,0;feb;100,25;1,0;258,0;1,0;success;0,652144704487905;ok;3,626237154006958;2,7546135120689867;4,0;4,542;100,0;0,0
200;33,0;management;single;tertiary;no;767,4375;yes;no;cellular;4,0;jun;266,0;2,0;27,0;2,0;failure;0,652144704487905;ok;2,207747220993042;2,7546135120689867;6,0;4,542;100,0;0,0
201;34,0;blue-collar;single;secondary;no;213,0;no;no;cellular;11,0;may;193,875;1,0;446,18750000000006;2,0;failure;0,652144704487905;ok;2,2647883892059326;2,7546135120689867;3,0;4,542;100,0;0,0
202;32,0;blue-collar;married;tertiary;no;2,0;yes;no;cellular;15,0;apr;196,625;9,0;309,0;1,0;success;0,652144704487905;ok;3,5684728622436523;2,7546135120689867;4,0;4,542;100,0;0,0
203;52,0;retired;divorced;primary;no;3983,53125;no;no;telephone;13,0;nov;1548,0;1,0;153,0;1,1875000000000002;other;0,652144704487905;ok;3,484001874923706;2,7546135120689867;5,0;4,542;100,0;0,0
204;37,0;blue-collar;married;secondary;no;56,0;no;no;cellular;20,0;apr;168,0;2,0;285,0;1,0625;success;0,652144704487905;ok;3,0080745220184326;2,7546135120689867;4,0;4,542;100,0;0,0
205;51,0;management;married;tertiary;no;2635,0;no;no;cellular;21,0;may;407,0;3,0;74,0;7,0625;failure;0,2308;ok;0,5954651832580566;2,7546135120689867;1,0;4,542;100,0;0,0
206;43,0;blue-collar;married;secondary;no;4945,0;yes;no;cellular;3,0;sep;219,0;3,0;185,0;2,0;other;0,2308;ok;2,6874687671661377;2,7546135120689867;2,0;4,542;100,0;0,0
207;32,0;services;single;secondary;no;481,0;yes;no;cellular;13,0;aug;150,0;3,0;64,625;3,9375;failure;0,652144704487905;ok;2,20448899269104;2,7546135120689867;3,0;4,542;100,0;0,0
208;35,0;blue-collar;married;tertiary;no;149,0;no;no;cellular;29,0;apr;507,0;3,0;349,0;1,0;other;0,652144704487905;ok;2,445669174194336;2,7546135120689867;2,0;4,542;100,0;0,0
209;37,0;management;divorced;tertiary;no;608,875;yes;no;cellular;15,0;feb;71,0;4,0;359,0;2,0;success;0,652144704487905;ok;3,1078639030456543;2,7546135120689867;6,0;4,542;100,0;0,0
210;28,625;student;single;tertiary;no;220,75;no;no;cellular;4,0;feb;111,0;1,0;204,0;2,0;other;0,652144704487905;ok;2,6589274406433105;2,7546135120689867;4,0;4,542;100,0;0,0
211;46,0;management;married;tertiary;no;189,0;yes;no;cellular;20,0;apr;167,0;1,0;154,0;1,0625;success;0,652144704487905;ok;2,246875047683716;2,7546135120689867;3,0;4,542;100,0;0,0
212;37,0;management;single;tertiary;no;1743,0;yes;no;cellular;18,0;mar;192,0;1,0;101,37500000000003;1,9375;failure;0,652144704487905;ok;0,5854889154434204;2,7546135120689867;3,0;4,542;100,0;0,0
213;41,0;management;married;secondary;no;0,0;no;no;cellular;2,0;feb;185,40625;2,0;125,25;2,0;other;0,652144704487905;ok;2,311746120452881;2,7546135120689867;4,0;4,542;100,0;0,0
214;28,8125;management;single;secondary;no;874,0;yes;no;cellular;29,0;may;215,0625;1,0625;181,0;2,0;success;0,2308;ok;2,180440664291382;2,7546135120689867;6,0;4,542;100,0;0,0
215;38,0;management;divorced;secondary;no;1559,0;yes;no;cellular;18,0;may;227,0;6,0;179,0;10,0;success;0,652144704487905;ok;2,822016954421997;2,7546135120689867;3,0;4,542;100,0;0,0
216;48,3125;technician;single;secondary;no;5583,249999999999;yes;no;cellular;4,0;aug;379,0;2,875;174,75;4,875;success;0,2308;ok;3,2753775119781494;2,7546135120689867;11,0;4,542;100,0;0,0
217;31,0625;technician;married;tertiary;no;116,25;yes;no;cellular;6,0;feb;333,4375;1,125;379,875;4,0;failure;0,652144704487905;ok;3,8702175617218018;2,7546135120689867;8,0;4,542;100,0;0,0
218;50,1875;blue-collar;married;tertiary;no;187,625;yes;yes;cellular;14,0;apr;220,0;1,0;63,0;2,0;failure;0,652144704487905;ok;3,3179986476898193;2,7546135120689867;7,0;4,542;100,0;0,0
219;29,0;technician;single;tertiary;no;2489,0;yes;no;cellular;3,0;mar;349,59375;1,125;86,0;4,90625;success;0,652144704487905;ok;2,1795711517333984;2,7546135120689867;4,0;4,542;100,0;0,0
220;71,0;management;married;primary;no;3230,0;no;no;cellular;23,0;mar;341,0;2,0;99,31250000000001;3,0;failure;0,652144704487905;ok;0,5164927840232849;2,7546135120689867;4,0;4,542;100,0;0,0
221;39,0;services;divorced;secondary;no;2356,0;no;no;cellular;13,0;may;667,0;2,9375;400,25;2,9375;failure;0,2308;ok;4,246941089630127;2,7546135120689867;8,0;4,542;100,0;0,0
222;33,0;blue-collar;married;secondary;no;489,0;yes;no;cellular;17,0;may;552,0;1,125;364,625;1,0;success;0,652144704487905;ok;3,187162160873413;2,7546135120689867;4,0;4,542;100,0;0,0
223;23,6875;management;married;secondary;no;290,0;no;yes;cellular;12,0;apr;80,0;3,0;368,0;3,875;success;0,652144704487905;ok;4,845576763153076;2,7546135120689867;9,0;4,542;100,0;0,0
224;34,0;admin.;married;tertiary;no;899,0;yes;yes;cellular;19,0;may;377,0;3,0;7,0;4,0;success;0,2308;ok;3,9603443145751953;2,7546135120689867;3,0;4,542;100,0;0,0
225;47,09375;admin.;single;secondary;no;666,8124999999999;yes;no;cellular;29,0;feb;1026,0;1,0;255,375;2,0;failure;0,652144704487905;ok;2,9799256324768066;2,7546135120689867;5,0;4,542;100,0;0,0
226;53,0;admin.;single;primary;no;225,0;yes;yes;cellular;15,0;aug;572,75;1,25;340,0;1,0625;failure;0,652144704487905;ok;3,4227817058563232;2,7546135120689867;8,0;4,542;100,0;0,0
227;34,0;blue-collar;single;secondary;no;3576,0;yes;no;cellular;2,0;feb;107,4375;2,0;308,0;2,0;success;0,652144704487905;ok;2,140556573867798;2,7546135120689867;6,0;4,542;100,0;0,0
228;35,0;technician;married;tertiary;no;0,0;yes;yes;cellular;23,0;sep;187,0;1,0625;62,0;6,0;other;0,652144704487905;ok;0,3424077332019806;2,7546135120689867;2,0;4,542;100,0;0,0
229;46,0;blue-collar;divorced;tertiary;no;-161,87500000000023;yes;no;cellular;8,0;may;218,0;1,0;172,0;1,0;success;0,652144704487905;ok;2,6186673641204834;2,7546135120689867;4,0;4,542;100,0;0,0
230;48,0;management;single;tertiary;no;460,0;yes;no;cellular;3,0;feb;95,875;3,0;280,75;2,0;success;0,652144704487905;ok;1,0973443984985352;2,7546135120689867;3,0;4,542;100,0;0,0
231;61,0;retired;married;secondary;no;1058,0;yes;no;cellular;18,0;jul;218,0;1,9375;91,0;3,0;other;0,2308;ok;2,5442166328430176;2,7546135120689867;4,0;4,542;100,0;0,0
232;39,0;blue-collar;single;secondary;no;5703,5;no;no;cellular;5,0;mar;140,0;1,0;119,0;2,0;failure;0,652144704487905;ok;4,06960391998291;2,7546135120689867;6,0;4,542;100,0;0,0
233;46,0;blue-collar;married;primary;no;898,3125;yes;no;cellular;14,0;feb;1021,25;2,0;360,1875;1,0;failure;0,2308;ok;2,6323578357696533;2,7546135120689867;6,0;4,542;100,0;0,0
234;53,5625;retired;married;primary;no;1311,0;yes;no;telephone;28,0;oct;485,0;3,0;184,0;3,1875;success;0,652144704487905;ok;3,597017526626587;2,7546135120689867;6,0;4,542;100,0;0,0
235;30,4375;admin.;married;secondary;no;-150,00000000000023;yes;no;cellular;6,0;feb;221,25;1,0;365,0;1,0;success;0,652144704487905;ok;2,6221635341644287;2,7546135120689867;4,0;4,542;100,0;0,0
236;27,0;management;single;tertiary;no;2786,0;no;no;cellular;17,0;may;270,0;2,0;377,0;2,875;success;0,2308;ok;0,631313145160675;2,7546135120689867;3,0;4,542;100,0;0,0
237;48,0;housemaid;single;primary;no;46,0;yes;no;cellular;4,0;aug;167,5;1,0;43,625;3,0;success;0,652144704487905;ok;2,0414373874664307;2,7546135120689867;3,0;4,542;100,0;0,0
238;35,0;self-employed;single;primary;no;712,0000000000001;no;no;cellular;15,0;may;547,5;1,0625;347,0;3,0;failure;0,652144704487905;ok;2,965524911880493;2,7546135120689867;4,0;4,542;100,0;0,0
239;31,0;admin.;divorced;secondary;no;8781,0;yes;no;cellular;14,0;feb;622,90625;1,125;35,0;1,0625;success;0,2308;ok;2,3782389163970947;2,7546135120689867;6,0;4,542;100,0;0,0
240;33,4375;blue-collar;married;primary;no;289,0;yes;no;cellular;15,0;may;309,0;1,0;363,0;4,0;success;0,652144704487905;ok;2,4555110931396484;2,7546135120689867;3,0;4,542;100,0;0,0
241;31,0;technician;single;tertiary;no;283,0;no;no;cellular;28,0;jan;96,5625;2,0;241,0;1,0;success;0,652144704487905;ok;2,3646085262298584;2,7546135120689867;3,0;4,542;100,0;0,0
242;25,0;student;married;tertiary;no;11033,812500000002;no;yes;cellular;13,0;feb;66,0;1,0;351,0;1,0;success;0,652144704487905;ok;5,247133255004883;2,7546135120689867;6,0;4,542;100,0;0,0
243;35,25;management;single;secondary;no;72,125;yes;no;cellular;13,0;may;572,125;4,0;15,0;3,1875;success;0,652144704487905;ok;2,3738009929656982;2,7546135120689867;6,0;4,542;100,0;0,0
244;31,0;technician;single;tertiary;no;-240,99999999999977;yes;no;cellular;25,0;may;333,0;1,9375;385,5625;1,0;failure;0,652144704487905;ok;0,916320264339447;2,7546135120689867;3,0;4,542;100,0;0,0
245;48,0;management;single;tertiary;no;191,0;no;no;cellular;17,0;feb;516,375;1,0;177,0;2,0;failure;0,652144704487905;ok;2,836357355117798;2,7546135120689867;5,0;4,542;100,0;0,0
246;53,0;self-employed;divorced;secondary;no;8112,0;yes;yes;cellular;9,0;feb;75,0;1,0;146,0;1,0;success;0,652144704487905;ok;2,4626760482788086;2,7546135120689867;3,0;4,542;100,0;0,0
247;39,0;admin.;married;primary;no;639,9999999999999;no;no;telephone;11,0;may;357,0625;4,0625;393,625;2,0;other;0,652144704487905;ok;3,825718879699707;2,7546135120689867;7,0;4,542;100,0;0,0
248;33,0;technician;single;tertiary;no;127,62500000000023;yes;no;cellular;3,0;feb;285,875;2,0;297,25;1,0;failure;0,652144704487905;ok;4,443920612335205;2,7546135120689867;10,0;4,542;100,0;0,0
249;33,0;management;single;tertiary;no;329,0;no;no;cellular;6,0;sep;224,96875;1,0;145,0;2,0;other;0,652144704487905;ok;1,6823171377182007;2,7546135120689867;3,0;4,542;100,0;0,0
250;38,0;self-employed;single;tertiary;no;1445,375;no;no;cellular;7,0;aug;330,0;1,0;371,0;1,0;failure;0,652144704487905;ok;3,59584379196167;2,7546135120689867;4,0;4,542;100,0;0,0
251;28,0;student;married;secondary;no;24,0;yes;yes;cellular;12,0;feb;284,0;2,0;92,99999999999999;2,0;failure;0,652144704487905;ok;3,6189801692962646;2,7546135120689867;5,0;4,542;100,0;0,0
252;39,21875;blue-collar;married;primary;no;3272,125;no;no;cellular;5,0;nov;185,375;1,0625;99,59375000000003;5,0625;failure;0,652144704487905;ok;1,972683310508728;2,7546135120689867;7,0;4,542;100,0;0,0
253;33,0;management;single;tertiary;no;101,0;no;no;cellular;23,0;feb;393,0;1,9375;130,0;1,0;other;0,652144704487905;ok;2,000441312789917;2,7546135120689867;2,0;4,542;100,0;0,0
254;31,0;student;single;tertiary;no;253,0;yes;no;cellular;13,0;may;235,5625;5,0;355,0;4,0;success;0,652144704487905;ok;3,356138229370117;2,7546135120689867;3,0;4,542;100,0;0,0
255;57,0;technician;single;secondary;no;3499,0;no;no;telephone;20,0;nov;96,50000000000003;4,0;175,0;3,0;success;0,652144704487905;ok;4,3357014656066895;2,7546135120689867;4,0;4,542;100,0;0,0
256;49,0625;management;married;tertiary;no;104,0;yes;no;cellular;17,0;apr;581,6875;3,0;324,0;1,9375;other;0,652144704487905;ok;3,1968748569488525;2,7546135120689867;5,0;4,542;100,0;0,0
257;32,875;management;divorced;secondary;no;541,0;no;no;cellular;19,0;mar;140,0;1,0;122,0;1,0;failure;0,652144704487905;ok;4,569446086883545;2,7546135120689867;7,0;4,542;100,0;0,0
258;40,0;services;single;tertiary;no;889,0;no;no;cellular;20,0;nov;166,3125;2,0;185,0;4,0;success;0,652144704487905;ok;2,399831533432007;2,7546135120689867;4,0;4,542;100,0;0,0
259;25,125;management;married;secondary;no;75,9375;no;yes;cellular;25,0;dec;104,0;1,0;186,0;1,0;success;0,652144704487905;ok;4,460011959075928;2,7546135120689867;8,0;4,542;100,0;0,0
260;33,0;management;single;secondary;no;1430,0;no;no;cellular;18,0;feb;74,0;3,0;349,0;2,0;success;0,652144704487905;ok;2,963259696960449;2,7546135120689867;4,0;4,542;100,0;0,0
261;47,0;retired;single;tertiary;no;3676,0;yes;yes;cellular;20,0;oct;531,65625;3,0;95,00000000000001;2,9375;success;0,2308;ok;4,232461452484131;2,7546135120689867;9,0;4,542;100,0;0,0
262;34,0;blue-collar;divorced;tertiary;no;-131,0;yes;no;cellular;7,0;may;163,3125;1,0;181,0;1,0;success;0,652144704487905;ok;2,9524762630462646;2,7546135120689867;4,0;4,542;100,0;0,0
263;31,0;blue-collar;married;tertiary;no;463,0625;yes;no;cellular;13,0;may;568,6875;1,0;350,0;6,625;failure;0,652144704487905;ok;4,257497787475586;2,7546135120689867;6,0;4,542;100,0;0,0
264;84,3125;management;married;primary;no;5397,0;no;no;cellular;23,0;jan;244,0;1,0;92,0;3,0;success;0,2308;ok;4,113642692565918;2,7546135120689867;3,0;4,542;100,0;0,0
265;49,0;blue-collar;married;tertiary;no;489,0;yes;no;cellular;6,0;feb;180,0;1,0;298,0625;1,0;failure;0,652144704487905;ok;1,8542112112045288;2,7546135120689867;4,0;4,542;100,0;0,0
266;30,0;management;married;secondary;no;697,0;no;no;cellular;29,0;oct;134,5625;3,0;80,0;5,0;success;0,2308;ok;2,076237201690674;2,7546135120689867;3,0;4,542;100,0;0,0
267;32,9375;technician;married;secondary;no;182,5;yes;yes;cellular;18,0;jul;457,0;2,0;182,0;3,0;other;0,2308;ok;3,099963426589966;2,7546135120689867;5,0;4,542;100,0;0,0
268;47,0;admin.;married;secondary;no;97,0;yes;no;cellular;11,0;may;220,0;1,0;87,0;3,0;failure;0,652144704487905;ok;1,5420918464660645;2,7546135120689867;2,0;4,542;100,0;0,0
269;36,0;housemaid;divorced;primary;no;353,28125;no;yes;cellular;12,0;may;622,25;4,0;172,0;4,0;other;0,2308;ok;2,5833945274353027;2,7546135120689867;5,0;4,542;100,0;0,0
270;55,0;technician;married;secondary;no;517,0;no;yes;cellular;6,0;feb;223,25;3,0;263,0;4,0;success;0,652144704487905;ok;3,0627663135528564;2,7546135120689867;3,0;4,542;100,0;0,0
271;30,0625;admin.;single;tertiary;no;8,0;no;yes;cellular;30,0;jul;187,375;2,0;150,0;1,0;success;0,652144704487905;ok;2,235445976257324;2,7546135120689867;3,0;4,542;100,0;0,0
272;31,375;technician;single;secondary;no;1447,0;yes;no;cellular;18,0;may;236,0;3,0;178,0;15,0;success;0,652144704487905;ok;2,177950859069824;2,7546135120689867;2,0;4,542;100,0;0,0
273;29,0;management;single;tertiary;no;2269,0;yes;no;cellular;20,0;apr;204,0;1,0;396,0;1,0;failure;0,652144704487905;ok;1,728467583656311;2,7546135120689867;3,0;4,542;100,0;0,0
274;45,875;technician;single;tertiary;no;2048,0;no;no;cellular;18,0;may;310,0;3,25;804,0;1,0;failure;0,2308;ok;2,9837143421173096;2,7546135120689867;5,0;4,542;100,0;0,0
275;35,0;management;married;tertiary;no;0,0;no;no;cellular;5,0;may;164,0;1,0;168,0;4,0;success;0,652144704487905;ok;2,299147367477417;2,7546135120689867;3,0;4,542;100,0;0,0
276;34,0;blue-collar;married;primary;no;2720,0;no;no;cellular;21,0;nov;164,625;2,0;179,0;3,0;success;0,652144704487905;ok;2,957843542098999;2,7546135120689867;3,0;4,542;100,0;0,0
277;34,0;management;divorced;secondary;no;0,0;no;no;cellular;5,0;feb;166,125;4,0;175,0;3,0;success;0,652144704487905;ok;2,6063430309295654;2,7546135120689867;3,0;4,542;100,0;0,0
278;64,0;retired;single;secondary;no;4833,0;no;no;telephone;20,0;apr;621,0;1,0;181,0;3,0;failure;0,652144704487905;ok;5,213951110839844;2,7546135120689867;3,0;4,542;100,0;0,0
279;36,0;services;single;secondary;no;25,8125;no;yes;cellular;25,0;dec;217,0625;3,0;280,0;3,0;failure;0,652144704487905;ok;4,525145530700684;2,7546135120689867;7,0;4,542;100,0;0,0
280;27,25;student;single;secondary;no;639,0000000000001;no;yes;cellular;16,0;feb;119,0;1,0;314,0;5,0;success;0,652144704487905;ok;3,2236666679382324;2,7546135120689867;5,0;4,542;100,0;0,0
281;38,0;blue-collar;married;secondary;no;755,0;yes;no;cellular;30,0;nov;531,0;1,0;37,625;1,0;success;0,2308;ok;0,8954007625579834;2,7546135120689867;4,0;4,542;100,0;0,0
282;35,0;unemployed;married;secondary;no;977,0;no;no;cellular;4,0;jun;140,81250000000003;4,0;91,0;1,0;success;0,652144704487905;ok;2,383578062057495;2,7546135120689867;4,0;4,542;100,0;0,0
283;46,0;technician;married;secondary;no;1028,0;yes;yes;cellular;2,0;feb;96,0;2,0;185,25;1,0;success;0,652144704487905;ok;3,2127764225006104;2,7546135120689867;3,0;4,542;100,0;0,0
284;47,0;services;married;secondary;no;1194,90625;no;no;cellular;3,0;feb;164,8125;2,0;221,0;4,0;success;0,652144704487905;ok;2,9647305011749268;2,7546135120689867;4,0;4,542;100,0;0,0
285;59,0;retired;married;secondary;no;2680,125;no;no;cellular;6,0;jul;424,375;1,9375;165,0;2,4375;failure;0,652144704487905;ok;3,4917476177215576;2,7546135120689867;9,0;4,542;100,0;0,0
286;30,0;admin.;single;secondary;yes;-47,25;no;no;cellular;25,0;may;222,5;1,0;371,0;2,0;failure;0,652144704487905;ok;2,445324420928955;2,7546135120689867;5,0;4,542;100,0;0,0
287;49,90625;admin.;divorced;secondary;no;769,0;no;no;cellular;28,0;jul;244,375;2,0;363,0;4,0;success;0,652144704487905;ok;2,313610076904297;2,7546135120689867;3,0;4,542;100,0;0,0
288;26,0;student;single;tertiary;no;21,562499999999773;yes;no;cellular;12,0;feb;186,4375;6,0;367,0;1,0;other;0,652144704487905;ok;3,145293951034546;2,7546135120689867;6,0;4,542;100,0;0,0
289;48,0;admin.;married;primary;no;1060,0;no;no;cellular;20,0;apr;267,0;2,0;318,0;3,0;success;0,652144704487905;ok;3,374790668487549;2,7546135120689867;4,0;4,542;100,0;0,0
290;37,0;admin.;married;secondary;no;1314,0;yes;no;cellular;22,0;may;227,0;1,0625;14,0;9,0;success;0,652144704487905;ok;2,285811424255371;2,7546135120689867;3,0;4,542;100,0;0,0
291;43,0;admin.;married;secondary;no;132,0;no;no;cellular;27,0;may;180,0625;2,0;71,0;1,0625;success;0,2308;ok;0,036251991987228394;2,7546135120689867;2,0;4,542;100,0;0,0
292;31,5;technician;single;secondary;no;202,375;yes;yes;cellular;8,0;feb;125,0;2,125;366,0;1,9375;failure;0,652144704487905;ok;4,021976470947266;2,7546135120689867;9,0;4,542;100,0;0,0
293;25,75;admin.;single;secondary;no;1270,0;no;no;cellular;14,0;may;291,0;1,0;350,59375;1,0;success;0,652144704487905;ok;2,3255960941314697;2,7546135120689867;4,0;4,542;100,0;0,0
294;27,0;admin.;single;tertiary;no;255,0;no;no;cellular;12,0;feb;123,0;2,0;182,0;4,0;success;0,652144704487905;ok;1,5545834302902222;2,7546135120689867;2,0;4,542;100,0;0,0
295;36,0;services;married;secondary;no;3064,0;yes;no;telephone;26,0;aug;258,4375;3,0;107,0;4,0;success;0,652144704487905;ok;2,1793062686920166;2,7546135120689867;2,0;4,542;100,0;0,0
296;28,0;entrepreneur;married;secondary;no;306,25;yes;no;telephone;17,0;apr;728,0;1,0;316,0;3,0;other;0,652144704487905;ok;3,171844720840454;2,7546135120689867;2,0;4,542;100,0;0,0
297;51,125;management;married;tertiary;no;1065,0;yes;no;cellular;21,0;nov;653,0;1,9375;101,06249999999997;1,0;failure;0,652144704487905;ok;3,112291097640991;2,7546135120689867;5,0;4,542;100,0;0,0
298;34,625;technician;married;tertiary;no;0,0;no;no;cellular;14,0;nov;560,375;6,0;201,3125;2,0;failure;0,652144704487905;ok;3,5134289264678955;2,7546135120689867;6,0;4,542;100,0;0,0
299;41,0;management;married;tertiary;no;-29,0;no;no;cellular;29,0;aug;140,125;2,0;371,0;2,0625;failure;0,652144704487905;ok;1,2897785902023315;2,7546135120689867;4,0;4,542;100,0;0,0
300;50,0;housemaid;divorced;tertiary;no;0,0;no;no;telephone;13,0;mar;160,25;1,0;91,875;2,0;failure;0,652144704487905;ok;2,2975189685821533;2,7546135120689867;4,0;4,542;100,0;0,0
301;26,75;technician;married;secondary;no;276,0;no;no;cellular;15,0;may;423,625;1,0;368,0;4,25;failure;0,652144704487905;ok;2,8772342205047607;2,7546135120689867;5,0;4,542;100,0;0,0
302;28,0;self-employed;single;tertiary;no;159,0;no;no;cellular;14,0;may;246,0;2,0;420,0;1,9375;other;0,2308;ok;0,5780047178268433;2,7546135120689867;2,0;4,542;100,0;0,0
303;37,875;technician;divorced;tertiary;no;0,0;no;no;telephone;8,0;nov;293,125;3,0;291,15625;2,9375;failure;0,652144704487905;ok;4,033570766448975;2,7546135120689867;9,0;4,542;100,0;0,0
304;34,0;technician;married;tertiary;no;8000,0;no;no;cellular;12,0;feb;291,0;1,0;261,1875;2,0;failure;0,2308;ok;1,5356597900390625;2,7546135120689867;2,0;4,542;100,0;0,0
305;44,0;management;single;primary;no;6203,0;no;yes;telephone;17,0;jun;58,0;1,0;188,0;1,0;success;0,652144704487905;ok;5,446988105773926;2,7546135120689867;6,0;4,542;100,0;0,0
306;43,0625;blue-collar;divorced;secondary;no;1216,0;no;no;cellular;20,0;apr;214,125;1,0;521,0;1,125;success;0,2308;ok;3,686155319213867;2,7546135120689867;8,0;4,542;100,0;0,0
307;32,0;admin.;married;secondary;no;51,0;yes;yes;cellular;14,0;jan;217,65625;1,0;65,5;2,0;success;0,652144704487905;ok;1,1044437885284424;2,7546135120689867;3,0;4,542;100,0;0,0
308;46,15625;management;married;tertiary;no;40,125;no;no;cellular;20,0;may;444,0625;1,0;86,75;1,2499999999999998;failure;0,652144704487905;ok;1,7370953559875488;2,7546135120689867;7,0;4,542;100,0;0,0
309;39,875;technician;divorced;secondary;no;309,1875;yes;yes;cellular;19,0;feb;267,0;4,0;416,0;3,0;other;0,652144704487905;ok;3,9152376651763916;2,7546135120689867;7,0;4,542;100,0;0,0
310;45,0;unemployed;divorced;secondary;no;728,0;yes;yes;cellular;6,0;feb;156,0;2,0;93,99999999999999;1,0625;success;0,652144704487905;ok;2,681640148162842;2,7546135120689867;4,0;4,542;100,0;0,0
311;31,9375;services;married;tertiary;no;356,0;yes;no;cellular;29,0;feb;71,65625;2,0;186,25;5,0;success;0,652144704487905;ok;2,626624822616577;2,7546135120689867;6,0;4,542;100,0;0,0
312;44,0;housemaid;single;primary;no;1342,0;no;no;cellular;14,0;may;257,125;2,0;400,25;2,0;failure;0,652144704487905;ok;4,721138954162598;2,7546135120689867;6,0;4,542;100,0;0,0
313;49,65625;technician;divorced;secondary;no;116,0;yes;no;cellular;18,0;feb;147,5;2,0;321,0;14,0;success;0,652144704487905;ok;1,8734731674194336;2,7546135120689867;4,0;4,542;100,0;0,0
314;36,875;technician;married;secondary;no;474,0;yes;yes;cellular;14,0;feb;85,0;1,0;322,0;1,0;success;0,652144704487905;ok;3,3225998878479004;2,7546135120689867;4,0;4,542;100,0;0,0
315;52,0;blue-collar;married;primary;no;134,0;yes;no;cellular;15,0;aug;144,4375;2,0;371,875;2,9375;failure;0,652144704487905;ok;2,133634567260742;2,7546135120689867;4,0;4,542;100,0;0,0
316;34,0;technician;single;secondary;no;562,1875;no;no;telephone;11,0;aug;122,0;1,0;100,375;5,0;other;0,652144704487905;ok;1,4096566438674927;2,7546135120689867;4,0;4,542;100,0;0,0
317;69,0;technician;divorced;tertiary;no;482,0;no;yes;cellular;29,0;feb;478,0;1,0;267,0;1,0625;failure;0,2308;ok;2,841989278793335;2,7546135120689867;4,0;4,542;100,0;0,0
318;70,25;management;single;tertiary;no;106,0;yes;no;cellular;6,0;may;453,0;1,0;169,0;9,0625;failure;0,652144704487905;ok;5,090393543243408;2,7546135120689867;7,0;4,542;100,0;0,0
319;59,0;technician;married;secondary;no;7766,0;yes;no;cellular;25,0;feb;1422,0;1,0;389,125;1,0625;failure;0,2308;ok;0,5772368311882019;2,7546135120689867;2,0;4,542;100,0;0,0
320;32,125;technician;married;tertiary;no;4126,0;no;no;telephone;5,0;apr;907,0;4,0;185,0;7,0;failure;0,652144704487905;ok;3,851314067840576;2,7546135120689867;5,0;4,542;100,0;0,0
321;31,0;blue-collar;divorced;tertiary;no;26,9375;yes;yes;cellular;6,0;may;1336,1875;1,9375;363,0;1,0;success;0,652144704487905;ok;3,792375087738037;2,7546135120689867;6,0;4,542;100,0;0,0
322;39,0;admin.;divorced;tertiary;no;1444,0;yes;no;cellular;27,0;feb;100,0;1,0;117,0;6,875;success;0,652144704487905;ok;3,6265783309936523;2,7546135120689867;7,0;4,542;100,0;0,0
323;34,375;services;married;tertiary;no;2048,0;no;no;cellular;11,0;may;219,0;1,0;173,0;1,9375;success;0,652144704487905;ok;3,2752113342285156;2,7546135120689867;5,0;4,542;100,0;0,0
324;44,0;retired;married;secondary;no;7876,0;no;no;cellular;20,0;mar;217,125;1,0;101,00000000000001;2,0;failure;0,652144704487905;ok;2,417351722717285;2,7546135120689867;4,0;4,542;100,0;0,0
325;40,0;admin.;single;tertiary;yes;45,0;yes;no;cellular;6,0;jan;573,0;1,0;182,0;23,0;other;0,652144704487905;ok;5,437280178070068;2,7546135120689867;6,0;4,542;100,0;0,0
326;32,0;services;married;secondary;no;1670,0;no;no;cellular;13,0;aug;223,0;1,0625;299,0;2,0;failure;0,652144704487905;ok;2,0224509239196777;2,7546135120689867;2,0;4,542;100,0;0,0
327;35,0;blue-collar;single;tertiary;no;86,12499999999977;no;yes;cellular;25,0;may;273,0625;1,25;364,0;1,0;success;0,652144704487905;ok;4,461175918579102;2,7546135120689867;7,0;4,542;100,0;0,0
328;47,0;technician;married;secondary;no;58,5625;no;no;cellular;5,0;nov;253,0;1,0;342,0;1,0;success;0,652144704487905;ok;0,2888621985912323;2,7546135120689867;2,0;4,542;100,0;0,0
329;33,0;management;married;tertiary;no;-848,0;yes;no;telephone;9,0;feb;225,75;12,0;256,0;2,0;success;0,652144704487905;ok;2,078632116317749;2,7546135120689867;3,0;4,542;100,0;0,0
330;35,0;management;single;secondary;no;6809,0;no;no;telephone;23,0;feb;106,5;8,0625;273,0;7,0;success;0,652144704487905;ok;3,6541781425476074;2,7546135120689867;5,0;4,542;100,0;0,0
331;39,0;management;single;secondary;no;1420,5625;no;no;cellular;11,0;may;667,0625;5,8125;326,0;2,1875;failure;0,652144704487905;ok;3,05757737159729;2,7546135120689867;6,0;4,542;100,0;0,0
332;53,0;management;married;primary;no;459,0;no;yes;cellular;14,0;oct;317,0;6,0;192,0;1,0;failure;0,2308;ok;3,712012767791748;2,7546135120689867;4,0;4,542;100,0;0,0
333;31,0;management;married;secondary;no;199,0;yes;no;cellular;25,0;aug;146,375;2,0;461,0;4,4375;other;0,652144704487905;ok;3,442049264907837;2,7546135120689867;6,0;4,542;100,0;0,0
334;54,0;management;married;tertiary;no;446,0;no;no;cellular;2,0;jun;184,625;2,0;64,75;8,0;failure;0,652144704487905;ok;0,3534954786300659;2,7546135120689867;2,0;4,542;100,0;0,0
335;46,4375;blue-collar;divorced;primary;no;1232,0;no;yes;cellular;3,0;sep;300,0;3,0;195,0;8,0;success;0,652144704487905;ok;3,271871328353882;2,7546135120689867;5,0;4,542;100,0;0,0
336;37,0;housemaid;divorced;secondary;no;991,2500000000001;yes;no;cellular;13,0;may;215,0;1,0;89,5625;2,0;success;0,652144704487905;ok;2,27961802482605;2,7546135120689867;4,0;4,542;100,0;0,0
337;29,0;management;single;secondary;no;428,0;yes;yes;cellular;7,0;feb;54,0;1,0;366,625;2,0;success;0,652144704487905;ok;2,8927102088928223;2,7546135120689867;4,0;4,542;100,0;0,0
338;27,0;blue-collar;single;secondary;no;-454,0;no;yes;telephone;11,0;may;586,375;4,0625;367,0;1,0;failure;0,652144704487905;ok;4,80610990524292;2,7546135120689867;6,0;4,542;100,0;0,0
339;51,0625;blue-collar;married;tertiary;no;1165,0625;no;yes;cellular;27,0;may;403,75;1,0625;369,0;2,0;failure;0,652144704487905;ok;4,789511203765869;2,7546135120689867;8,0;4,542;100,0;0,0
340;46,0;services;married;secondary;no;2381,0;no;no;telephone;12,0;jul;224,09375;3,0;363,0;1,0;success;0,652144704487905;ok;2,4365909099578857;2,7546135120689867;4,0;4,542;100,0;0,0
341;46,9375;blue-collar;divorced;secondary;no;3940,0;yes;no;cellular;18,0;nov;167,25;1,9375;102,0;5,0;success;0,2308;ok;1,9656919240951538;2,7546135120689867;7,0;4,542;100,0;0,0
342;51,03125;management;married;tertiary;no;1612,0;no;no;cellular;16,0;feb;384,0;1,0;182,0;5,0;failure;0,2308;ok;1,1554490327835083;2,7546135120689867;2,0;4,542;100,0;0,0
343;51,0;services;divorced;secondary;no;867,0;yes;no;cellular;3,0;feb;177,0;2,0;185,6875;3,0;success;0,652144704487905;ok;2,64202618598938;2,7546135120689867;3,0;4,542;100,0;0,0
344;59,0;entrepreneur;married;secondary;no;2429,0;no;yes;cellular;15,0;nov;78,5;2,0;182,0;9,0;success;0,652144704487905;ok;2,2844398021698;2,7546135120689867;4,0;4,542;100,0;0,0
345;31,0;management;single;tertiary;no;3384,0;yes;no;cellular;16,0;sep;151,90625;1,0;104,0;2,0;success;0,2308;ok;2,0000221729278564;2,7546135120689867;2,0;4,542;100,0;0,0
346;30,0;admin.;married;tertiary;no;32,9375;yes;no;cellular;16,0;apr;259,4375;1,0;396,5;1,0;failure;0,652144704487905;ok;1,0718297958374023;2,7546135120689867;3,0;4,542;100,0;0,0
347;31,0;housemaid;married;secondary;no;243,0;yes;no;cellular;23,0;sep;305,0;2,0;381,6875;1,0;failure;0,2308;ok;3,695019245147705;2,7546135120689867;1,0;4,542;100,0;0,0
348;41,375;technician;divorced;primary;no;4047,0;yes;no;cellular;4,0;feb;226,0;5,0;75,0;1,0;success;0,652144704487905;ok;2,234170913696289;2,7546135120689867;4,0;4,542;100,0;0,0
349;24,625;technician;married;tertiary;no;1532,0;no;no;cellular;22,0;may;253,0;1,0625;178,25;5,4375;failure;0,652144704487905;ok;2,1470651626586914;2,7546135120689867;6,0;4,542;100,0;0,0
350;58,0;blue-collar;married;tertiary;no;8195,0;no;no;telephone;16,0;apr;99,87500000000003;1,0;332,0;2,0;success;0,652144704487905;ok;4,558370113372803;2,7546135120689867;5,0;4,542;100,0;0,0
351;57,125;retired;single;secondary;no;2563,5625;no;yes;cellular;11,0;feb;981,0;1,0;90,0;7,0;other;0,2308;ok;4,368653774261475;2,7546135120689867;7,0;4,542;100,0;0,0
352;33,0;blue-collar;married;primary;no;170,0;yes;yes;cellular;14,0;apr;437,0;3,0;367,0;4,0;other;0,652144704487905;ok;4,18941593170166;2,7546135120689867;3,0;4,542;100,0;0,0
353;35,5;management;married;tertiary;no;196,0;yes;no;cellular;13,0;feb;99,0;1,0;63,0;1,9375;success;0,652144704487905;ok;2,955791473388672;2,7546135120689867;7,0;4,542;100,0;0,0
354;41,0;blue-collar;divorced;secondary;no;-648,0;no;yes;cellular;12,0;may;183,21875;3,0;172,0;2,0;success;0,652144704487905;ok;4,076048851013184;2,7546135120689867;5,0;4,542;100,0;0,0
355;48,0;blue-collar;single;secondary;no;2717,0;yes;yes;cellular;20,0;apr;181,0;2,0;448,50000000000006;2,0;other;0,652144704487905;ok;2,3897881507873535;2,7546135120689867;4,0;4,542;100,0;0,0
356;34,0;self-employed;single;tertiary;no;588,9999999999999;yes;no;telephone;8,0;feb;44,0;4,0;367,0;1,0625;success;0,652144704487905;ok;1,8088525533676147;2,7546135120689867;3,0;4,542;100,0;0,0
357;49,0;blue-collar;married;primary;no;4259,0;no;no;cellular;11,0;nov;162,875;3,0;111,0;7,0;success;0,652144704487905;ok;2,78304123878479;2,7546135120689867;4,0;4,542;100,0;0,0
358;68,625;blue-collar;married;tertiary;no;576,0;no;no;cellular;5,0;aug;380,0;3,0625;65,5;1,1875000000000002;failure;0,652144704487905;ok;4,027309894561768;2,7546135120689867;8,0;4,542;100,0;0,0
359;28,1875;management;single;primary;no;167,0625;no;no;cellular;10,0;sep;255,0;1,0;7,6875;1,9375;failure;0,2308;ok;3,6244959831237793;2,7546135120689867;6,0;4,542;100,0;0,0
360;38,0;blue-collar;single;primary;no;0,0;no;yes;cellular;8,0;aug;162,0;1,0;402,5;1,0;failure;0,652144704487905;ok;3,0048556327819824;2,7546135120689867;4,0;4,542;100,0;0,0
361;36,375;blue-collar;single;primary;no;40,0;yes;yes;cellular;27,0;aug;259,0;2,875;385,5;4,0;failure;0,2308;ok;3,5768485069274902;2,7546135120689867;6,0;4,542;100,0;0,0
362;68,25;technician;married;secondary;no;378,75;no;yes;cellular;14,0;mar;551,0;3,0;196,0;1,9375;failure;0,652144704487905;ok;3,242121696472168;2,7546135120689867;8,0;4,542;100,0;0,0
363;39,6875;management;married;secondary;no;-134,74999999999955;no;no;cellular;14,0;feb;268,0;2,0;99,4375;2,25;failure;0,652144704487905;ok;3,3276472091674805;2,7546135120689867;8,0;4,542;100,0;0,0
364;47,0;unemployed;married;secondary;no;351,0;yes;yes;cellular;14,0;nov;174,0;1,0;174,0;1,0625;success;0,652144704487905;ok;2,2670536041259766;2,7546135120689867;3,0;4,542;100,0;0,0
365;26,0;management;single;primary;no;48,75;yes;no;cellular;20,0;apr;271,0;1,0;300,0;2,0;success;0,652144704487905;ok;0,9213792085647583;2,7546135120689867;2,0;4,542;100,0;0,0
366;46,0;services;divorced;secondary;no;355,0;yes;no;cellular;8,0;may;218,1875;1,9375;230,75;8,0;success;0,652144704487905;ok;1,4555140733718872;2,7546135120689867;4,0;4,542;100,0;0,0
367;41,125;management;divorced;tertiary;no;6,5;yes;no;telephone;12,0;apr;395,0;3,0;361,875;1,0625;other;0,2308;ok;2,7251617908477783;2,7546135120689867;7,0;4,542;100,0;0,0
368;64,0;management;divorced;primary;no;2327,5;no;no;cellular;26,0;may;487,375;1,9375;98,00000000000001;2,0625;failure;0,652144704487905;ok;3,4007184505462646;2,7546135120689867;7,0;4,542;100,0;0,0
369;53,0;admin.;married;secondary;no;350,0;no;yes;cellular;17,0;nov;163,625;3,0;97,5;2,0;success;0,652144704487905;ok;2,207200050354004;2,7546135120689867;3,0;4,542;100,0;0,0
370;34,0625;student;single;secondary;no;391,0;no;no;cellular;29,0;jan;77,0;1,0;265,0;2,0;success;0,652144704487905;ok;3,844395637512207;2,7546135120689867;4,0;4,542;100,0;0,0
371;53,75;retired;divorced;tertiary;no;12,0;yes;no;cellular;20,0;nov;574,5;2,0;64,6875;1,0;failure;0,652144704487905;ok;3,9432168006896973;2,7546135120689867;6,0;4,542;100,0;0,0
372;60,0;management;married;tertiary;no;2194,0;yes;no;telephone;20,0;apr;223,75;3,0;263,0;9,0;success;0,652144704487905;ok;2,3664028644561768;2,7546135120689867;3,0;4,542;100,0;0,0
373;35,0;entrepreneur;married;secondary;no;2971,0;no;no;cellular;7,0;aug;159,25;2,0;95,37500000000001;6,0;failure;0,2308;ok;2,17771315574646;2,7546135120689867;3,0;4,542;100,0;0,0
374;34,0;admin.;single;secondary;no;303,0;no;no;cellular;12,0;jun;282,0;3,0;126,0;3,0;failure;0,652144704487905;ok;1,007889986038208;2,7546135120689867;1,0;4,542;100,0;0,0
375;32,0;admin.;single;secondary;no;1721,0;no;no;cellular;19,0;mar;184,0;2,0;182,0;2,0;failure;0,652144704487905;ok;2,1043179035186768;2,7546135120689867;3,0;4,542;100,0;0,0
376;40,0;technician;married;tertiary;no;169,625;no;no;cellular;23,0;apr;499,0;6,0;185,0;4,0;failure;0,2308;ok;2,1777567863464355;2,7546135120689867;2,0;4,542;100,0;0,0
377;40,0;admin.;divorced;primary;no;952,0;no;no;cellular;15,0;may;252,75;2,0;457,375;1,0625;failure;0,652144704487905;ok;2,7034034729003906;2,7546135120689867;5,0;4,542;100,0;0,0
378;44,0;entrepreneur;married;primary;no;121,0;no;no;cellular;9,0;nov;248,0;1,0;91,0;1,125;failure;0,2308;ok;3,5593020915985107;2,7546135120689867;3,0;4,542;100,0;0,0
379;29,5;student;single;primary;no;4175,125;no;no;cellular;21,0;oct;476,125;1,9375;183,9375;1,0;success;0,652144704487905;ok;3,521761178970337;2,7546135120689867;10,0;4,542;100,0;0,0
380;46,0;management;married;secondary;no;21,0;yes;no;cellular;11,0;apr;160,5625;1,0;407,5;2,0;failure;0,652144704487905;ok;2,435750722885132;2,7546135120689867;4,0;4,542;100,0;0,0
381;41,0;services;married;tertiary;no;565,25;yes;yes;cellular;12,0;feb;427,15625;1,9375;271,0;2,0;success;0,652144704487905;ok;3,8239893913269043;2,7546135120689867;8,0;4,542;100,0;0,0
382;49,125;blue-collar;single;tertiary;no;667,9999999999999;yes;no;telephone;27,0;may;231,875;6,0;182,0;2,0;success;0,652144704487905;ok;4,956820011138916;2,7546135120689867;7,0;4,542;100,0;0,0
383;30,125;student;single;secondary;no;-149,25;yes;no;cellular;25,0;feb;85,0;3,0;368,0;2,375;success;0,652144704487905;ok;2,921004056930542;2,7546135120689867;7,0;4,542;100,0;0,0
384;53,0;services;divorced;primary;no;508,4374999999998;yes;yes;telephone;12,0;may;628,0;1,0625;297,25;1,0;failure;0,652144704487905;ok;5,785894393920898;2,7546135120689867;9,0;4,542;100,0;0,0
385;36,0;technician;married;tertiary;no;0,0;yes;no;cellular;14,0;feb;155,0;2,0;181,0;3,0;success;0,652144704487905;ok;2,5352139472961426;2,7546135120689867;4,0;4,542;100,0;0,0
386;47,9375;services;married;primary;no;226,78125;yes;no;cellular;11,0;may;265,1875;2,0;369,0;1,0;success;0,652144704487905;ok;2,2659809589385986;2,7546135120689867;4,0;4,542;100,0;0,0
387;29,0;management;married;tertiary;no;7707,0;no;no;cellular;29,0;apr;961,0;2,0;334,0;2,0;failure;0,652144704487905;ok;2,7368814945220947;2,7546135120689867;3,0;4,542;100,0;0,0
388;47,3125;admin.;married;primary;no;2646,0;yes;no;cellular;15,0;sep;594,0;3,875;331,0;2,0;failure;0,652144704487905;ok;3,8093321323394775;2,7546135120689867;8,0;4,542;100,0;0,0
389;33,0;management;single;secondary;no;189,5625;no;no;cellular;14,0;aug;305,375;1,0;364,75;3,0;failure;0,2308;ok;1,467018485069275;2,7546135120689867;5,0;4,542;100,0;0,0
390;37,5;self-employed;single;tertiary;no;1094,0;yes;no;cellular;15,0;aug;283,125;1,0625;367,4375;1,2499999999999998;failure;0,652144704487905;ok;3,3280587196350098;2,7546135120689867;9,0;4,542;100,0;0,0
391;29,0;blue-collar;married;tertiary;no;502,0;no;no;cellular;1,0;may;968,0;2,0;87,0;5,0;failure;0,2308;ok;2,2382538318634033;2,7546135120689867;5,0;4,542;100,0;0,0
392;43,0;admin.;married;primary;no;392,0;yes;yes;cellular;4,0;feb;143,5;1,0;92,0;2,0;success;0,652144704487905;ok;2,3732876777648926;2,7546135120689867;3,0;4,542;100,0;0,0
393;45,0;blue-collar;married;secondary;no;96,0;yes;no;cellular;13,0;feb;348,0;3,0;206,5625;2,0;success;0,652144704487905;ok;2,3771510124206543;2,7546135120689867;3,0;4,542;100,0;0,0
394;73,0;admin.;married;secondary;no;2735,25;no;yes;cellular;19,0;apr;184,0;1,9375;286,25;3,0;failure;0,652144704487905;ok;2,927272081375122;2,7546135120689867;5,0;4,542;100,0;0,0
395;29,0;blue-collar;married;secondary;no;245,1875;yes;no;cellular;10,0;apr;142,3125;4,0;349,0;1,0;success;0,652144704487905;ok;3,4103100299835205;2,7546135120689867;5,0;4,542;100,0;0,0
396;40,0;admin.;single;secondary;no;664,0;no;no;cellular;19,0;nov;188,0;2,0;101,31250000000001;1,9375;success;0,652144704487905;ok;0,1590622067451477;2,7546135120689867;2,0;4,542;100,0;0,0
397;31,0;management;married;tertiary;no;299,0625;no;no;cellular;16,0;dec;302,0;2,0;210,8125;2,0;failure;0,652144704487905;ok;2,572864294052124;2,7546135120689867;5,0;4,542;100,0;0,0
398;69,09375;retired;married;primary;no;579,0;yes;no;cellular;9,0;apr;185,0;2,0;91,0;9,125;failure;0,652144704487905;ok;3,326155185699463;2,7546135120689867;7,0;4,542;100,0;0,0
399;41,375;technician;married;tertiary;no;14282,0;yes;no;cellular;17,0;nov;224,0;1,0625;113,125;4,0;success;0,652144704487905;ok;0,6746593713760376;2,7546135120689867;4,0;4,542;100,0;0,0
400;32,0;management;single;tertiary;no;2974,0;yes;no;cellular;24,0;jun;227,0;1,0;41,125;1,0;success;0,652144704487905;ok;2,7991206645965576;2,7546135120689867;3,0;4,542;100,0;0,0
401;37,25;admin.;single;secondary;no;3418,8125;no;yes;cellular;8,0;jun;396,3125;1,1875;371,0625;6,0;failure;0,652144704487905;ok;5,1708598136901855;2,7546135120689867;9,0;4,542;100,0;0,0
402;31,0625;blue-collar;single;secondary;no;403,0625;no;no;cellular;21,0;apr;91,0;3,0;361,0;1,0625;success;0,652144704487905;ok;3,175370693206787;2,7546135120689867;5,0;4,542;100,0;0,0
403;37,0;blue-collar;single;primary;no;340,9999999999998;no;no;cellular;16,0;jan;175,0;2,0;200,0;1,0;success;0,2308;ok;4,060414791107178;2,7546135120689867;5,0;4,542;100,0;0,0
404;41,0;technician;single;tertiary;no;431,0;no;no;cellular;19,0;jul;196,0;1,0;92,25;5,0;failure;0,2308;ok;0,5050985217094421;2,7546135120689867;2,0;4,542;100,0;0,0
405;34,0;admin.;divorced;secondary;no;961,0;no;no;telephone;5,0;feb;137,0;2,125;430,0;2,0;success;0,652144704487905;ok;3,943965435028076;2,7546135120689867;4,0;4,542;100,0;0,0
406;70,0;technician;married;secondary;no;3020,0;no;no;telephone;2,0;nov;361,8125;2,0;186,0;1,0;success;0,652144704487905;ok;2,177772283554077;2,7546135120689867;2,0;4,542;100,0;0,0
407;34,0;admin.;married;secondary;no;4902,0;yes;no;cellular;6,0;jun;168,375;1,0;163,21875;1,0;success;0,652144704487905;ok;2,3071205615997314;2,7546135120689867;4,0;4,542;100,0;0,0
408;44,21875;blue-collar;single;primary;no;1593,0;yes;no;telephone;19,0;feb;223,0;2,0;174,0;3,0;success;0,652144704487905;ok;3,6150903701782227;2,7546135120689867;4,0;4,542;100,0;0,0
409;42,3125;technician;married;secondary;no;2037,0;no;yes;cellular;5,0;feb;135,0;1,0;97,00000000000001;1,0;success;0,652144704487905;ok;1,3025909662246704;2,7546135120689867;3,0;4,542;100,0;0,0
410;32,0;management;married;tertiary;no;2667,0;no;no;cellular;4,0;mar;251,0;1,0;181,3125;4,0;failure;0,652144704487905;ok;2,0000176429748535;2,7546135120689867;2,0;4,542;100,0;0,0
411;41,0;management;single;secondary;no;1597,0;no;no;cellular;30,0;apr;461,0;2,0;382,3125;1,0;failure;0,652144704487905;ok;3,325531005859375;2,7546135120689867;5,0;4,542;100,0;0,0
412;29,6875;unemployed;married;secondary;no;2323,5;no;no;cellular;15,0;feb;337,0;1,125;95,00000000000001;1,9375;other;0,2308;ok;1,8417019844055176;2,7546135120689867;6,0;4,542;100,0;0,0
413;28,0;admin.;single;secondary;no;179,4375;no;yes;cellular;9,0;sep;259,0;1,9375;98,00000000000001;1,9375;failure;0,2308;ok;3,016603946685791;2,7546135120689867;5,0;4,542;100,0;0,0
414;31,0;blue-collar;married;primary;no;2581,0;yes;no;cellular;12,0;may;571,5;1,125;363,875;1,9375;failure;0,652144704487905;ok;2,5029079914093018;2,7546135120689867;5,0;4,542;100,0;0,0
415;32,0;management;single;primary;no;1270,0;no;yes;cellular;26,0;sep;418,3125;1,0;15,0;3,0;success;0,2308;ok;4,905545711517334;2,7546135120689867;5,0;4,542;100,0;0,0
416;24,812499999999996;admin.;married;tertiary;no;4924,0;yes;no;cellular;19,0;aug;301,9375;1,0;182,0625;2,0;failure;0,652144704487905;ok;2,6733508110046387;2,7546135120689867;5,0;4,542;100,0;0,0
417;38,0;services;married;primary;no;0,0;no;yes;cellular;7,0;may;217,0;1,0;171,0;2,0;success;0,652144704487905;ok;2,313448190689087;2,7546135120689867;3,0;4,542;100,0;0,0
418;36,0;self-employed;married;tertiary;no;16430,0;yes;no;cellular;19,0;mar;234,0;1,0;163,625;3,0;success;0,652144704487905;ok;2,2531135082244873;2,7546135120689867;3,0;4,542;100,0;0,0
419;31,0;management;married;tertiary;no;141,0;yes;no;cellular;4,0;jan;572,0;2,0;238,0;7,0;failure;0,2308;ok;1,126516580581665;2,7546135120689867;2,0;4,542;100,0;0,0
420;24,0;blue-collar;divorced;tertiary;no;27,0;no;yes;cellular;18,0;may;452,125;1,0;307,375;2,0;failure;0,652144704487905;ok;4,765252590179443;2,7546135120689867;7,0;4,542;100,0;0,0
421;47,0;admin.;married;tertiary;no;2681,875;no;no;cellular;29,0;feb;191,0;3,0;227,0;2,0;failure;0,652144704487905;ok;3,5155248641967773;2,7546135120689867;5,0;4,542;100,0;0,0
422;34,0;admin.;single;secondary;no;2583,0;yes;no;cellular;28,0;jun;170,25;1,0;95,00000000000001;2,0;success;0,652144704487905;ok;4,3244428634643555;2,7546135120689867;5,0;4,542;100,0;0,0
423;44,1875;retired;married;secondary;no;1901,0;no;no;cellular;5,0;nov;162,125;3,0;104,0;2,0;success;0,652144704487905;ok;2,9902937412261963;2,7546135120689867;5,0;4,542;100,0;0,0
424;33,0;blue-collar;married;secondary;no;328,0;yes;no;cellular;20,0;apr;135,9375;1,0;91,0;9,0;success;0,652144704487905;ok;2,5990123748779297;2,7546135120689867;3,0;4,542;100,0;0,0
425;32,5;unemployed;divorced;tertiary;no;1005,0;no;no;telephone;4,0;nov;175,0;1,0625;281,625;2,0;failure;0,652144704487905;ok;2,702349901199341;2,7546135120689867;6,0;4,542;100,0;0,0
426;31,0;admin.;married;tertiary;no;2190,0;yes;no;telephone;12,0;feb;237,875;6,0;258,0;18,0;success;0,652144704487905;ok;2,247527837753296;2,7546135120689867;4,0;4,542;100,0;0,0
427;43,0;management;married;primary;no;481,0;yes;no;telephone;18,0;oct;181,25;1,0;65,9375;2,0;other;0,652144704487905;ok;1,4818533658981323;2,7546135120689867;4,0;4,542;100,0;0,0
428;28,75;management;married;secondary;no;0,0;no;no;cellular;29,0;jan;190,875;2,0;285,0;1,9375;failure;0,652144704487905;ok;1,071961522102356;2,7546135120689867;4,0;4,542;100,0;0,0
429;32,0;technician;single;secondary;no;1808,90625;yes;no;cellular;3,0;apr;256,25;1,0;446,0;2,0;failure;0,652144704487905;ok;2,4670324325561523;2,7546135120689867;4,0;4,542;100,0;0,0
430;51,0;admin.;divorced;secondary;no;197,5;no;no;cellular;8,0;feb;74,0;1,9375;287,0;2,0;success;0,652144704487905;ok;3,2913291454315186;2,7546135120689867;5,0;4,542;100,0;0,0
431;50,0;technician;divorced;secondary;no;0,0;no;no;cellular;29,0;sep;163,3125;1,0;120,0;1,9375;success;0,652144704487905;ok;2,177865982055664;2,7546135120689867;3,0;4,542;100,0;0,0
432;58,0;technician;married;primary;no;5618,0;no;no;cellular;20,0;mar;390,5625;2,0;189,0;1,0;failure;0,652144704487905;ok;2,516547918319702;2,7546135120689867;4,0;4,542;100,0;0,0
433;36,0;technician;single;secondary;no;12264,0;yes;no;cellular;11,0;oct;161,25;1,0;182,0;2,0;success;0,2308;ok;2,0771679878234863;2,7546135120689867;2,0;4,542;100,0;0,0
434;28,0;blue-collar;single;secondary;no;-46,0;yes;yes;cellular;1,0;jun;167,25;2,0;91,0;12,0;success;0,652144704487905;ok;2,3558003902435303;2,7546135120689867;2,0;4,542;100,0;0,0
435;33,90625;management;married;tertiary;no;648,3125;yes;no;cellular;7,0;aug;302,34375;1,0;170,0;1,0;success;0,2308;ok;3,0013883113861084;2,7546135120689867;6,0;4,542;100,0;0,0
436;18,0;management;single;primary;no;608,0;yes;no;cellular;30,0;may;210,0;1,0;92,99999999999999;1,0;success;0,2308;ok;3,190593957901001;2,7546135120689867;4,0;4,542;100,0;0,0
437;43,09375;services;divorced;secondary;no;2461,375;yes;yes;telephone;18,0;oct;162,0;2,875;188,9375;5,0;success;0,2308;ok;3,1429238319396973;2,7546135120689867;9,0;4,542;100,0;0,0
438;29,0;technician;married;tertiary;no;22,375;yes;yes;telephone;12,0;feb;159,0;1,9375;184,65625;6,1875;success;0,652144704487905;ok;4,936861991882324;2,7546135120689867;11,0;4,542;100,0;0,0
439;43,0;blue-collar;single;tertiary;no;878,125;no;yes;cellular;25,0;feb;193,0;2,0;199,0;4,0;failure;0,652144704487905;ok;2,910125255584717;2,7546135120689867;4,0;4,542;100,0;0,0
440;28,875;services;single;tertiary;no;557,0;no;no;cellular;4,0;feb;388,0;3,0;272,0;1,0;other;0,652144704487905;ok;2,765578031539917;2,7546135120689867;4,0;4,542;100,0;0,0
441;56,0;management;divorced;tertiary;no;151,0;yes;no;cellular;7,0;may;180,25;5,0;171,0;1,0;success;0,652144704487905;ok;1,455010175704956;2,7546135120689867;3,0;4,542;100,0;0,0
442;58,0;blue-collar;married;secondary;no;221,0;yes;no;cellular;17,0;apr;221,125;1,9375;343,0;2,0;success;0,652144704487905;ok;2,2305684089660645;2,7546135120689867;3,0;4,542;100,0;0,0
443;37,0;blue-collar;single;tertiary;no;2235,0;no;no;cellular;6,0;apr;419,0;2,0;286,0;2,0;failure;0,652144704487905;ok;3,204162836074829;2,7546135120689867;4,0;4,542;100,0;0,0
444;28,875;technician;single;tertiary;no;1646,0;no;no;cellular;12,0;oct;251,0;3,0;115,06250000000001;5,9375;other;0,652144704487905;ok;0,1696484237909317;2,7546135120689867;3,0;4,542;100,0;0,0
445;34,0;services;married;secondary;no;0,0;yes;no;cellular;3,0;may;220,375;1,125;91,0;2,0625;other;0,652144704487905;ok;1,6075085401535034;2,7546135120689867;5,0;4,542;100,0;0,0
446;34,0;admin.;married;secondary;no;1,0;no;no;cellular;25,0;may;185,0;7,0;280,0;1,0;other;0,652144704487905;ok;3,5136990547180176;2,7546135120689867;4,0;4,542;100,0;0,0
447;48,0;unemployed;married;secondary;no;926,0;no;no;cellular;17,0;apr;504,0;2,0;178,0;10,0;other;0,2308;ok;1,2906790971755981;2,7546135120689867;3,0;4,542;100,0;0,0
448;68,5;admin.;divorced;tertiary;no;3025,0;no;no;telephone;7,0;may;476,0;1,0;352,0;1,0625;other;0,652144704487905;ok;4,071735858917236;2,7546135120689867;5,0;4,542;100,0;0,0
449;28,0;technician;single;tertiary;no;426,0;no;yes;cellular;18,0;feb;116,875;4,0;395,75;1,0;other;0,652144704487905;ok;2,823024034500122;2,7546135120689867;4,0;4,542;100,0;0,0
450;56,0;technician;married;secondary;no;745,3749999999999;no;no;cellular;2,0;feb;315,0;2,0;208,0;1,0;success;0,652144704487905;ok;2,177746295928955;2,7546135120689867;2,0;4,542;100,0;0,0
451;59,0;admin.;married;secondary;no;3735,0;no;no;cellular;18,0;mar;584,375;4,0;121,0;2,0;failure;0,652144704487905;ok;1,7284654378890991;2,7546135120689867;1,0;4,542;100,0;0,0
452;43,09375;blue-collar;married;secondary;no;308,0;no;no;cellular;3,0;feb;181,0625;1,875;125,25;4,0;other;0,652144704487905;ok;3,4450786113739014;2,7546135120689867;6,0;4,542;100,0;0,0
453;32,0;blue-collar;single;secondary;no;1139,0;no;no;cellular;29,0;jan;221,0625;1,0;366,0;1,0;success;0,652144704487905;ok;3,3568873405456543;2,7546135120689867;4,0;4,542;100,0;0,0
454;33,0625;services;married;tertiary;no;255,0;yes;no;cellular;12,0;jun;237,0;3,875;165,0;4,0;failure;0,652144704487905;ok;2,9403700828552246;2,7546135120689867;6,0;4,542;100,0;0,0
455;30,0625;admin.;single;tertiary;no;201,78124999999977;yes;yes;cellular;15,0;feb;142,8125;4,0;186,0;2,0;success;0,652144704487905;ok;2,3802738189697266;2,7546135120689867;4,0;4,542;100,0;0,0
456;59,0;housemaid;married;secondary;no;0,0;no;no;telephone;7,0;aug;150,25;2,0;89,8125;1,0;success;0,652144704487905;ok;2,197075128555298;2,7546135120689867;3,0;4,542;100,0;0,0
457;54,0;technician;single;secondary;no;1958,0;no;no;telephone;29,0;sep;298,0;1,3125;98,1875;6,0;failure;0,652144704487905;ok;3,5793049335479736;2,7546135120689867;5,0;4,542;100,0;0,0
458;59,0;management;married;primary;no;236,25;yes;yes;cellular;17,0;nov;169,6875;1,0;175,0;2,0;success;0,652144704487905;ok;2,182443857192993;2,7546135120689867;3,0;4,542;100,0;0,0
459;45,0;admin.;married;primary;no;1,0;no;no;telephone;2,0;feb;1028,0;2,0;207,0;1,0;success;0,652144704487905;ok;13,070560455322266;2,7546135120689867;3,0;4,542;100,0;0,0
460;48,0;blue-collar;married;primary;no;3462,0;no;no;cellular;15,0;feb;171,0;3,0;372,625;3,8125;other;0,652144704487905;ok;2,377796173095703;2,7546135120689867;5,0;4,542;100,0;0,0
461;28,0;admin.;married;secondary;no;330,0;no;no;cellular;2,0;jan;226,0;2,25;182,0;4,0;failure;0,2308;ok;2,2590651512145996;2,7546135120689867;3,0;4,542;100,0;0,0
462;26,0;technician;single;tertiary;no;96,0;yes;no;cellular;13,0;apr;612,0;2,0;358,625;3,0;other;0,652144704487905;ok;3,8690009117126465;2,7546135120689867;4,0;4,542;100,0;0,0
463;32,75;blue-collar;single;secondary;no;188,0;yes;yes;cellular;13,0;apr;1046,0;3,0;333,0;2,0;other;0,2308;ok;3,5280585289001465;2,7546135120689867;6,0;4,542;100,0;0,0
464;57,0;services;married;tertiary;no;0,0;yes;no;cellular;14,0;may;223,75;9,0;282,0;3,0;success;0,652144704487905;ok;2,0132992267608643;2,7546135120689867;3,0;4,542;100,0;0,0
465;32,0;management;married;secondary;no;3107,0;no;yes;cellular;7,0;nov;165,0;2,0;116,0;1,0;success;0,652144704487905;ok;3,555877923965454;2,7546135120689867;4,0;4,542;100,0;0,0
466;41,0;blue-collar;married;secondary;no;1961,53125;no;no;cellular;18,0;sep;167,375;1,0;108,37500000000001;2,0;success;0,652144704487905;ok;0,7410966753959656;2,7546135120689867;4,0;4,542;100,0;0,0
467;33,9375;technician;married;secondary;no;883,0;no;no;telephone;11,0;feb;166,0;3,0;173,0;3,0;success;0,652144704487905;ok;2,488726854324341;2,7546135120689867;4,0;4,542;100,0;0,0
468;34,0;housemaid;married;tertiary;no;1265,0;yes;no;cellular;17,0;aug;142,0;1,0;283,0625;3,0;success;0,652144704487905;ok;3,317812442779541;2,7546135120689867;4,0;4,542;100,0;0,0
469;32,0;management;single;tertiary;no;-45,5;yes;yes;cellular;3,0;may;221,4375;1,0;315,0;20,0;success;0,652144704487905;ok;1,263051986694336;2,7546135120689867;4,0;4,542;100,0;0,0
470;69,0625;unemployed;married;secondary;no;2897,0;yes;no;cellular;30,0;aug;531,0;1,9375;105,0;6,812500000000001;failure;0,652144704487905;ok;4,900717735290527;2,7546135120689867;7,0;4,542;100,0;0,0
471;38,0;blue-collar;single;secondary;no;238,0;yes;no;cellular;15,0;aug;140,84375;1,0;366,0;2,0;failure;0,652144704487905;ok;2,219942331314087;2,7546135120689867;3,0;4,542;100,0;0,0
472;29,0;blue-collar;married;primary;no;-94,99999999999977;yes;yes;cellular;18,0;may;641,75;1,0;400,25;1,2499999999999998;failure;0,652144704487905;ok;3,504272937774658;2,7546135120689867;5,0;4,542;100,0;0,0
473;34,0;blue-collar;married;secondary;no;315,0;yes;no;cellular;4,0;nov;76,0;3,9375;89,18749999999997;3,0;success;0,652144704487905;ok;2,0211899280548096;2,7546135120689867;4,0;4,542;100,0;0,0
474;50,0;technician;divorced;secondary;no;0,0;yes;no;cellular;1,0;may;159,0625;1,0;184,0;2,875;success;0,2308;ok;3,105159044265747;2,7546135120689867;4,0;4,542;100,0;0,0
475;59,0;retired;married;primary;no;3444,0;no;no;cellular;10,0;aug;252,0;1,0;185,0;2,0;failure;0,2308;ok;3,855379581451416;2,7546135120689867;3,0;4,542;100,0;0,0
476;48,0;technician;single;secondary;no;547,0;no;no;cellular;28,0;mar;74,0;1,0;155,84375;2,0;success;0,652144704487905;ok;2,7777984142303467;2,7546135120689867;4,0;4,542;100,0;0,0
477;34,0;management;single;tertiary;no;-160,74999999999977;yes;yes;cellular;17,0;apr;188,25;2,0;98,5;4,0;success;0,652144704487905;ok;1,1956664323806763;2,7546135120689867;4,0;4,542;100,0;0,0
478;48,0;management;married;secondary;no;207,0;yes;no;cellular;2,0;feb;244,0;1,0;448,49999999999994;4,0;failure;0,652144704487905;ok;2,3965892791748047;2,7546135120689867;4,0;4,542;100,0;0,0
479;43,0;technician;divorced;secondary;no;-2,5000000000002274;yes;no;cellular;5,0;feb;150,0;2,0;342,0;1,9375;success;0,652144704487905;ok;2,6131863594055176;2,7546135120689867;4,0;4,542;100,0;0,0
480;19,0;student;single;primary;no;103,0;no;no;cellular;27,0;oct;95,06249999999997;2,0;97,00000000000001;2,0;success;0,652144704487905;ok;1,511841058731079;2,7546135120689867;2,0;4,542;100,0;0,0
481;36,0;management;divorced;tertiary;no;36,0;yes;yes;cellular;25,0;aug;227,0;1,0625;261,0;6,0;failure;0,652144704487905;ok;2,559847593307495;2,7546135120689867;4,0;4,542;100,0;0,0
482;33,125;management;single;secondary;no;2941,75;no;no;cellular;4,0;jun;594,25;1,125;102,0;1,1875000000000002;failure;0,652144704487905;ok;3,246269464492798;2,7546135120689867;9,0;4,542;100,0;0,0
483;39,0;technician;married;tertiary;no;246,0;yes;no;cellular;25,0;aug;217,0;1,0;306,0;8,0;failure;0,652144704487905;ok;2,539048433303833;2,7546135120689867;2,0;4,542;100,0;0,0
484;41,0;technician;married;secondary;no;57,875;no;no;cellular;28,0;apr;411,0;2,0;177,875;8,0;other;0,652144704487905;ok;1,168962836265564;2,7546135120689867;3,0;4,542;100,0;0,0
485;39,0;blue-collar;married;primary;no;607,0;yes;no;cellular;17,0;aug;456,78125;2,0;368,125;2,9375;failure;0,652144704487905;ok;2,5617496967315674;2,7546135120689867;7,0;4,542;100,0;0,0
486;42,1875;services;single;primary;no;926,0;yes;no;cellular;15,0;may;306,0;1,9375;378,6875;1,3125;other;0,652144704487905;ok;2,812990188598633;2,7546135120689867;8,0;4,542;100,0;0,0
487;34,9375;admin.;divorced;tertiary;no;-164,06250000000023;no;yes;cellular;29,0;jan;309,0;1,0;197,0;13,0;success;0,652144704487905;ok;1,8396437168121338;2,7546135120689867;4,0;4,542;100,0;0,0
488;30,0;student;single;secondary;no;58,5;no;no;cellular;25,0;aug;161,0;1,0;285,0;1,0;failure;0,652144704487905;ok;1,259387731552124;2,7546135120689867;3,0;4,542;100,0;0,0
489;42,15625;management;single;tertiary;no;1285,0;yes;no;cellular;9,0;feb;221,625;3,0;252,0;4,0;success;0,652144704487905;ok;1,4186471700668335;2,7546135120689867;3,0;4,542;100,0;0,0
490;34,8125;self-employed;single;tertiary;no;935,0;no;no;cellular;20,0;nov;71,0;1,0;97,00000000000001;2,0;success;0,652144704487905;ok;3,0240488052368164;2,7546135120689867;4,0;4,542;100,0;0,0
491;35,0;unemployed;married;tertiary;no;152,59375;no;no;cellular;29,0;jul;200,0;4,0;181,0;2,0;success;0,652144704487905;ok;2,6342015266418457;2,7546135120689867;3,0;4,542;100,0;0,0
492;41,0;blue-collar;divorced;tertiary;no;927,0;yes;no;cellular;17,0;apr;239,0;2,0;148,0;2,0;success;0,652144704487905;ok;2,5929956436157227;2,7546135120689867;2,0;4,542;100,0;0,0
493;75,0625;unemployed;single;tertiary;no;525,75;no;no;cellular;22,0;jun;269,0;1,0625;2,0;1,0;success;0,2308;ok;2,7961161136627197;2,7546135120689867;6,0;4,542;100,0;0,0
494;36,0;admin.;single;secondary;no;909,6875000000001;yes;no;cellular;22,0;may;218,125;1,0625;90,87500000000003;2,0625;success;0,652144704487905;ok;3,556968927383423;2,7546135120689867;8,0;4,542;100,0;0,0
495;28,0;technician;single;tertiary;no;372,0;yes;yes;cellular;3,0;feb;201,0;3,0;294,0;2,0;success;0,652144704487905;ok;2,090853691101074;2,7546135120689867;2,0;4,542;100,0;0,0
496;46,0;management;single;secondary;no;5993,0;no;no;cellular;19,0;mar;151,0;1,0;183,90625;2,0;failure;0,2308;ok;0,7559178471565247;2,7546135120689867;2,0;4,542;100,0;0,0
497;32,0;blue-collar;married;secondary;no;889,0;yes;yes;cellular;3,0;jun;1076,0;2,0;85,0;3,0;other;0,2308;ok;2,355034828186035;2,7546135120689867;1,0;4,542;100,0;0,0
498;40,0;technician;single;secondary;no;193,18749999999977;yes;no;cellular;18,0;aug;141,6875;4,0;374,0;1,0;other;0,652144704487905;ok;2,0970914363861084;2,7546135120689867;3,0;4,542;100,0;0,0
499;34,0;blue-collar;single;secondary;no;19833,0;no;no;cellular;30,0;mar;224,25;4,0;252,0;1,0;success;0,652144704487905;ok;2,518068552017212;2,7546135120689867;4,0;4,542;100,0;0,0
