;X1;X2;X3;X4;X5;X6;X7;X8;X9;X10;X11;X12;X13;X14;X15;X16;X17;X18;X19;X20;X21;X22;X23;Y;predict;euclidean;euclidean_medio;hamming;hamming_medio;cobertura_pct;erro_pct
0;;;;;;;;;;;;;;;;;;;;;;;;1;nan;;8,430429444384218;23,0;23,0;26,8;0,0
1;20000,0;2,0;3,0;2,0;22,0;2,0;2,0;0,0;0,0;0,0;-2,0;19393,0;18801,0;19077,0;11993,0;0,0;0,0;0,0;1023,0;240,0;0,0;0,0;0,0;0;ok;9,49425220489502;8,430429444384218;23,0;23,0;26,8;0,0
2;;;;;;;;;;;;;;;;;;;;;;;;1;nan;;8,430429444384218;23,0;23,0;26,8;0,0
3;;;;;;;;;;;;;;;;;;;;;;;;1;nan;;8,430429444384218;23,0;23,0;26,8;0,0
4;;;;;;;;;;;;;;;;;;;;;;;;1;nan;;8,430429444384218;23,0;23,0;26,8;0,0
5;;;;;;;;;;;;;;;;;;;;;;;;1;nan;;8,430429444384218;23,0;23,0;26,8;0,0
6;20000,0;1,0;2,0;1,0;27,0;0,0;0,0;1,9999999999999998;0,0;0,0;5,551115123125783e-17;17062,0;19248,0;18181,0;18156,0;19102,0;17363,0;2850,0;0,0;514,0;2000,0;1000,0000000000005;1570,0;0;ok;7,755815029144287;8,430429444384218;23,0;23,0;26,8;0,0
7;;;;;;;;;;;;;;;;;;;;;;;;1;nan;;8,430429444384218;23,0;23,0;26,8;0,0
8;;;;;;;;;;;;;;;;;;;;;;;;1;nan;;8,430429444384218;23,0;23,0;26,8;0,0
9;360000,0;2,0;2,0;2,0;28,0;-2,0;-2,0;-2,0;-2,0;-2,0;-2,0;0,0;0,0;0,0;0,0;0,0;0,0;0,0;0,0;0,0;0,0;0,0;0,0;1;ok;6,326394081115723;8,430429444384218;23,0;23,0;26,8;0,0
10;;;;;;;;;;;;;;;;;;;;;;;;1;nan;;8,430429444384218;23,0;23,0;26,8;0,0
11;;;;;;;;;;;;;;;;;;;;;;;;1;nan;;8,430429444384218;23,0;23,0;26,8;0,0
12;150000,0;2,0;2,0;2,0;24,0;0,0;0,0;0,0;0,0;0,0;5,551115123125783e-17;108924,0;109705,0;108748,0;108116,0;108951,0;109901,0;4000,0;5500,0;4000,0;4100,0;4300,0;4000,0;0;ok;7,168140411376953;8,430429444384218;23,0;23,0;26,8;0,0
13;;;;;;;;;;;;;;;;;;;;;;;;1;nan;;8,430429444384218;23,0;23,0;26,8;0,0
14;;;;;;;;;;;;;;;;;;;;;;;;1;nan;;8,430429444384218;23,0;23,0;26,8;0,0
15;;;;;;;;;;;;;;;;;;;;;;;;1;nan;;8,430429444384218;23,0;23,0;26,8;0,0
16;;;;;;;;;;;;;;;;;;;;;;;;1;nan;;8,430429444384218;23,0;23,0;26,8;0,0
17;;;;;;;;;;;;;;;;;;;;;;;;1;nan;;8,430429444384218;23,0;23,0;26,8;0,0
18;;;;;;;;;;;;;;;;;;;;;;;;1;nan;;8,430429444384218;23,0;23,0;26,8;0,0
19;;;;;;;;;;;;;;;;;;;;;;;;0;nan;;8,430429444384218;23,0;23,0;26,8;0,0
20;;;;;;;;;;;;;;;;;;;;;;;;1;nan;;8,430429444384218;23,0;23,0;26,8;0,0
21;;;;;;;;;;;;;;;;;;;;;;;;1;nan;;8,430429444384218;23,0;23,0;26,8;0,0
22;130000,0;2,0;0,9999999999999999;1,0;46,0;0,0;0,0;0,0;0,0;0,0;5,551115123125783e-17;147582,0;138996,0;140558,0;90522,0;90917,0;92330,0;5394,0;4229,0;3211,0;3297,0;3312,0;3381,0;0;ok;8,47560977935791;8,430429444384218;23,0;23,0;26,8;0,0
23;;;;;;;;;;;;;;;;;;;;;;;;0;nan;;8,430429444384218;23,0;23,0;26,8;0,0
24;180000,0;1,0;2,0;1,0;41,0;-1,0;-1,0;-1,0;-1,0;-1,0;-1,0;859,0;1811,0;1335,0;366,0;1811,0;1828,0;1811,0000000000005;1335,0;366,0;1811,0;1828,0;366,0;1;ok;8,591965675354004;8,430429444384218;23,0;23,0;26,8;0,0
25;40000,0;1,0;3,0;2,0;24,0;2,0;0,0;0,0;0,0;0,0;5,551115123125783e-17;39149,0;39189,0;40543,0;38922,0;39901,0;40746,0;1658,0;2012,0;1392,0000000000005;1605,0;1668,0;1201,0;1;ok;6,803804397583008;8,430429444384218;23,0;23,0;26,8;0,0
26;130000,0;2,0;2,0;1,0;27,0;-1,0;-1,0;-1,0;-1,0;0,0;5,551115123125783e-17;791,9999999999927;0,0;396,0;485,0;46773,0;47313,0;0,0;396,0;485,0;46684,0;1700,0;1712,0;1;ok;9,690430641174316;8,430429444384218;23,0;23,0;26,8;0,0
27;;;;;;;;;;;;;;;;;;;;;;;;1;nan;;8,430429444384218;23,0;23,0;26,8;0,0
28;;;;;;;;;;;;;;;;;;;;;;;;1;nan;;8,430429444384218;23,0;23,0;26,8;0,0
29;110000,0;2,0;2,0;1,0;46,0;0,0;0,0;0,0;0,0;0,0;5,551115123125783e-17;110950,0;111750,0;111227,0;110849,0;110575,0;110394,0;4088,0;3912,0;3888,0;3975,0;4162,0;3945,0;1;ok;8,734542846679688;8,430429444384218;23,0;23,0;26,8;0,0
30;;;;;;;;;;;;;;;;;;;;;;;;1;nan;;8,430429444384218;23,0;23,0;26,8;0,0
31;;;;;;;;;;;;;;;;;;;;;;;;0;nan;;8,430429444384218;23,0;23,0;26,8;0,0
32;;;;;;;;;;;;;;;;;;;;;;;;1;nan;;8,430429444384218;23,0;23,0;26,8;0,0
33;80000,0;1,0;0,9999999999999999;2,0;31,0;0,9999999999999999;2,0;1,9999999999999998;0,0;0,0;5,551115123125783e-17;61241,0;62155,0;56049,0;50829,0;50687,0;47362,0;2515,0;16,0;2003,0;2013,0;5007,0;113,0;0;ok;7,61498498916626;8,430429444384218;23,0;23,0;26,8;0,0
34;;;;;;;;;;;;;;;;;;;;;;;;0;nan;;8,430429444384218;23,0;23,0;26,8;0,0
35;360000,0;1,0;0,9999999999999999;2,0;30,0;-1,0;-1,0;-1,0;-1,0;-1,0;-1,0;11487,0;307,0;400,0;589,0;956,0;1383,0;307,0;400,0;589,0;956,0;1383,0;448,0;1;ok;7,873301982879639;8,430429444384218;23,0;23,0;26,8;0,0
36;;;;;;;;;;;;;;;;;;;;;;;;1;nan;;8,430429444384218;23,0;23,0;26,8;0,0
37;;;;;;;;;;;;;;;;;;;;;;;;1;nan;;8,430429444384218;23,0;23,0;26,8;0,0
38;;;;;;;;;;;;;;;;;;;;;;;;1;nan;;8,430429444384218;23,0;23,0;26,8;0,0
39;;;;;;;;;;;;;;;;;;;;;;;;1;nan;;8,430429444384218;23,0;23,0;26,8;0,0
40;240000,0;2,0;2,0;1,0;56,0;2,0;2,0;-2,0;-2,0;-2,0;-2,0;2500,0;0,0;0,0;0,0;0,0;0,0;0,0;0,0;0,0;0,0;0,0;0,0;1;ok;8,725029945373535;8,430429444384218;23,0;23,0;26,8;0,0
41;;;;;;;;;;;;;;;;;;;;;;;;0;nan;;8,430429444384218;23,0;23,0;26,8;0,0
42;;;;;;;;;;;;;;;;;;;;;;;;1;nan;;8,430429444384218;23,0;23,0;26,8;0,0
43;;;;;;;;;;;;;;;;;;;;;;;;1;nan;;8,430429444384218;23,0;23,0;26,8;0,0
44;;;;;;;;;;;;;;;;;;;;;;;;1;nan;;8,430429444384218;23,0;23,0;26,8;0,0
45;110000,0;2,0;2,0;1,0;46,0;0,0;0,0;0,0;0,0;0,0;5,551115123125783e-17;110950,0;111750,0;111227,0;110849,0;110575,0;110394,0;4088,0;3912,0;3888,0;3975,0;4162,0;3945,0;1;ok;8,790983200073242;8,430429444384218;23,0;23,0;26,8;0,0
46;80000,0;1,0;2,0;1,0;29,0;0,0;0,0;0,0;0,0;0,0;5,551115123125783e-17;78265,0;79364,0;73622,0;75092,0;75976,0;77511,0;3070,0;2623,0;2644,0;2743,0;2783,0;2909,0;1;ok;7,036832809448242;8,430429444384218;23,0;23,0;26,8;0,0
47;50000,0;2,0;3,0;1,0;53,0;0,0;0,0;0,0;0,0;0,0;5,551115123125783e-17;46778,0;47770,0;49009,0;50593,0;20218,0;20645,0;1770,0;2009,0;2593,0;1000,0;752,0;1017,0;0;ok;8,006792068481445;8,430429444384218;23,0;23,0;26,8;0,0
48;;;;;;;;;;;;;;;;;;;;;;;;1;nan;;8,430429444384218;23,0;23,0;26,8;0,0
49;;;;;;;;;;;;;;;;;;;;;;;;1;nan;;8,430429444384218;23,0;23,0;26,8;0,0
50;;;;;;;;;;;;;;;;;;;;;;;;1;nan;;8,430429444384218;23,0;23,0;26,8;0,0
51;130000,0;2,0;0,9999999999999999;1,0;46,0;0,0;0,0;0,0;0,0;0,0;5,551115123125783e-17;147582,0;138996,0;140558,0;90522,0;90917,0;92330,0;5394,0;4229,0;3211,0;3297,0;3312,0;3381,0;0;ok;11,004522323608398;8,430429444384218;23,0;23,0;26,8;0,0
52;80000,0;2,0;2,0;2,0;22,0;2,0;2,0;0,0;0,0;0,0;5,551115123125783e-17;53023,0;76708,0;39701,0;41021,0;41525,0;42394,0;0,0;3320,0;1980,0;1484,0;1536,0;1548,0;0;ok;5,719008922576904;8,430429444384218;23,0;23,0;26,8;0,0
53;;;;;;;;;;;;;;;;;;;;;;;;1;nan;;8,430429444384218;23,0;23,0;26,8;0,0
54;;;;;;;;;;;;;;;;;;;;;;;;1;nan;;8,430429444384218;23,0;23,0;26,8;0,0
55;;;;;;;;;;;;;;;;;;;;;;;;1;nan;;8,430429444384218;23,0;23,0;26,8;0,0
56;240000,0;2,0;2,0;1,0;40,0;-2,0;-2,0;-2,0;-2,0;-2,0;-2,0;0,0;0,0;0,0;0,0;0,0;1306,0;0,0;0,0;0,0;0,0;1306,0;0,0;1;ok;7,538646221160889;8,430429444384218;23,0;23,0;26,8;0,0
57;;;;;;;;;;;;;;;;;;;;;;;;0;nan;;8,430429444384218;23,0;23,0;26,8;0,0
58;;;;;;;;;;;;;;;;;;;;;;;;0;nan;;8,430429444384218;23,0;23,0;26,8;0,0
59;;;;;;;;;;;;;;;;;;;;;;;;1;nan;;8,430429444384218;23,0;23,0;26,8;0,0
60;;;;;;;;;;;;;;;;;;;;;;;;1;nan;;8,430429444384218;23,0;23,0;26,8;0,0
61;;;;;;;;;;;;;;;;;;;;;;;;1;nan;;8,430429444384218;23,0;23,0;26,8;0,0
62;;;;;;;;;;;;;;;;;;;;;;;;1;nan;;8,430429444384218;23,0;23,0;26,8;0,0
63;;;;;;;;;;;;;;;;;;;;;;;;1;nan;;8,430429444384218;23,0;23,0;26,8;0,0
64;;;;;;;;;;;;;;;;;;;;;;;;1;nan;;8,430429444384218;23,0;23,0;26,8;0,0
65;;;;;;;;;;;;;;;;;;;;;;;;1;nan;;8,430429444384218;23,0;23,0;26,8;0,0
66;30000,0;2,0;3,0;1,0;43,0;0,9999999999999999;2,0;1,9999999999999998;2,0;2,0;2,0;12603,0;13103,0;13785,0;13911,0;13548,0;14465,0;1000,0;1200,0;646,0;0,0;1300,0;1000,0;1;ok;7,216916561126709;8,430429444384218;23,0;23,0;26,8;0,0
67;200000,0;1,0;2,0;2,0;36,0;0,0;0,0;0,0;0,0;0,0;5,551115123125783e-17;99483,0;97546,0;98897,0;94943,0;96967,0;99016,0;4841,0;4300,0;3300,0;3361,0;3500,0;3206,0;0;ok;8,410524368286133;8,430429444384218;23,0;23,0;26,8;0,0
68;170000,0;1,0;2,0;2,0;36,0;-2,0;-2,0;-2,0;-2,0;-2,0;-2,0;600,0;1598,0;0,0;1340,0;0,0;0,0;1598,0;0,0;1340,0;0,0;0,0;3200,0;1;ok;4,99771785736084;8,430429444384218;23,0;23,0;26,8;0,0
69;;;;;;;;;;;;;;;;;;;;;;;;1;nan;;8,430429444384218;23,0;23,0;26,8;0,0
70;120000,0;1,0;2,0;2,0;28,0;-1,0;-1,0;-1,0;-1,0;-1,0;-1,0;4310,0;3905,0;2411,0;1925,0;2943,0;6249,0;3905,0;2411,0;1925,0;2943,0;6249,0;1780,0;1;ok;7,243844985961914;8,430429444384218;23,0;23,0;26,8;0,0
71;;;;;;;;;;;;;;;;;;;;;;;;0;nan;;8,430429444384218;23,0;23,0;26,8;0,0
72;;;;;;;;;;;;;;;;;;;;;;;;1;nan;;8,430429444384218;23,0;23,0;26,8;0,0
73;150000,0;2,0;0,9999999999999999;2,0;29,0;-1,0;-1,0;-1,0;0,0;0,0;5,551115123125783e-17;2356,0;16836,0;1094,0;6382,0;5288,0;5288,0;16836,0;2000,0;5288,0;0,0;0,0;0,0;1;ok;6,868791103363037;8,430429444384218;23,0;23,0;26,8;0,0
74;70000,0;1,0;3,0;2,0;47,0;0,0;0,0;0,0;0,0;0,0;5,551115123125783e-17;40862,0;38910,0;25151,0;25433,0;25544,0;24573,0;1421,0;2524,0;1584,0;695,0000000000005;686,0;525,0;0;ok;10,552328109741211;8,430429444384218;23,0;23,0;26,8;0,0
75;;;;;;;;;;;;;;;;;;;;;;;;1;nan;;8,430429444384218;23,0;23,0;26,8;0,0
76;;;;;;;;;;;;;;;;;;;;;;;;1;nan;;8,430429444384218;23,0;23,0;26,8;0,0
77;;;;;;;;;;;;;;;;;;;;;;;;1;nan;;8,430429444384218;23,0;23,0;26,8;0,0
78;;;;;;;;;;;;;;;;;;;;;;;;1;nan;;8,430429444384218;23,0;23,0;26,8;0,0
79;;;;;;;;;;;;;;;;;;;;;;;;0;nan;;8,430429444384218;23,0;23,0;26,8;0,0
80;;;;;;;;;;;;;;;;;;;;;;;;0;nan;;8,430429444384218;23,0;23,0;26,8;0,0
81;160000,0;2,0;0,9999999999999999;2,0;42,0;-2,0;-2,0;-2,0;-2,0;-2,0;-2,0;0,0;0,0;0,0;0,0;741,0;0,0;0,0;0,0;0,0;741,0000000000005;0,0;0,0;0;ok;9,390564918518066;8,430429444384218;23,0;23,0;26,8;0,0
82;;;;;;;;;;;;;;;;;;;;;;;;1;nan;;8,430429444384218;23,0;23,0;26,8;0,0
83;;;;;;;;;;;;;;;;;;;;;;;;1;nan;;8,430429444384218;23,0;23,0;26,8;0,0
84;;;;;;;;;;;;;;;;;;;;;;;;1;nan;;8,430429444384218;23,0;23,0;26,8;0,0
85;;;;;;;;;;;;;;;;;;;;;;;;1;nan;;8,430429444384218;23,0;23,0;26,8;0,0
86;;;;;;;;;;;;;;;;;;;;;;;;1;nan;;8,430429444384218;23,0;23,0;26,8;0,0
87;;;;;;;;;;;;;;;;;;;;;;;;1;nan;;8,430429444384218;23,0;23,0;26,8;0,0
88;470000,0;2,0;2,0;1,0;54,0;0,9999999999999999;2,0;0,0;0,0;0,0;5,551115123125783e-17;358581,0;351295,0;358671,0;367492,0;374249,0;381132,0;0,0;13033,0;14800,0;14359,0;13897,0;14425,0;1;ok;16,285070419311523;8,430429444384218;23,0;23,0;26,8;0,0
89;;;;;;;;;;;;;;;;;;;;;;;;1;nan;;8,430429444384218;23,0;23,0;26,8;0,0
90;360000,0;2,0;2,0;2,0;41,0;0,0;0,0;0,0;0,0;0,0;5,551115123125783e-17;352538,0;360648,0;339204,0;282520,0;290521,0;27792,0;14152,0;15000,0;15000,0;15004,0;5071,0;5168,0;1;ok;15,859489440917969;8,430429444384218;23,0;23,0;26,8;0,0
91;;;;;;;;;;;;;;;;;;;;;;;;1;nan;;8,430429444384218;23,0;23,0;26,8;0,0
92;;;;;;;;;;;;;;;;;;;;;;;;1;nan;;8,430429444384218;23,0;23,0;26,8;0,0
93;500000,0;2,0;0,9999999999999999;1,0;36,0;-2,0;-2,0;-2,0;-2,0;-2,0;-2,0;8561,0;682,0;15714,0;5390,0;43386,0;0,0;1364,0;15714,0;5390,0;43386,0;0,0;0,0;1;ok;10,244227409362793;8,430429444384218;23,0;23,0;26,8;0,0
94;;;;;;;;;;;;;;;;;;;;;;;;1;nan;;8,430429444384218;23,0;23,0;26,8;0,0
95;;;;;;;;;;;;;;;;;;;;;;;;1;nan;;8,430429444384218;23,0;23,0;26,8;0,0
96;;;;;;;;;;;;;;;;;;;;;;;;1;nan;;8,430429444384218;23,0;23,0;26,8;0,0
97;;;;;;;;;;;;;;;;;;;;;;;;1;nan;;8,430429444384218;23,0;23,0;26,8;0,0
98;;;;;;;;;;;;;;;;;;;;;;;;1;nan;;8,430429444384218;23,0;23,0;26,8;0,0
99;;;;;;;;;;;;;;;;;;;;;;;;1;nan;;8,430429444384218;23,0;23,0;26,8;0,0
100;;;;;;;;;;;;;;;;;;;;;;;;1;nan;;8,430429444384218;23,0;23,0;26,8;0,0
101;;;;;;;;;;;;;;;;;;;;;;;;0;nan;;8,430429444384218;23,0;23,0;26,8;0,0
102;;;;;;;;;;;;;;;;;;;;;;;;1;nan;;8,430429444384218;23,0;23,0;26,8;0,0
103;;;;;;;;;;;;;;;;;;;;;;;;1;nan;;8,430429444384218;23,0;23,0;26,8;0,0
104;;;;;;;;;;;;;;;;;;;;;;;;0;nan;;8,430429444384218;23,0;23,0;26,8;0,0
105;;;;;;;;;;;;;;;;;;;;;;;;1;nan;;8,430429444384218;23,0;23,0;26,8;0,0
106;;;;;;;;;;;;;;;;;;;;;;;;1;nan;;8,430429444384218;23,0;23,0;26,8;0,0
107;;;;;;;;;;;;;;;;;;;;;;;;1;nan;;8,430429444384218;23,0;23,0;26,8;0,0
108;360000,0;2,0;2,0;2,0;28,0;-2,0;-2,0;-2,0;-2,0;-2,0;-2,0;0,0;0,0;0,0;0,0;0,0;0,0;0,0;0,0;0,0;0,0;0,0;0,0;0;ok;5,6146016120910645;8,430429444384218;23,0;23,0;26,8;0,0
109;;;;;;;;;;;;;;;;;;;;;;;;1;nan;;8,430429444384218;23,0;23,0;26,8;0,0
110;;;;;;;;;;;;;;;;;;;;;;;;1;nan;;8,430429444384218;23,0;23,0;26,8;0,0
111;;;;;;;;;;;;;;;;;;;;;;;;1;nan;;8,430429444384218;23,0;23,0;26,8;0,0
112;;;;;;;;;;;;;;;;;;;;;;;;1;nan;;8,430429444384218;23,0;23,0;26,8;0,0
113;;;;;;;;;;;;;;;;;;;;;;;;1;nan;;8,430429444384218;23,0;23,0;26,8;0,0
114;;;;;;;;;;;;;;;;;;;;;;;;1;nan;;8,430429444384218;23,0;23,0;26,8;0,0
115;;;;;;;;;;;;;;;;;;;;;;;;1;nan;;8,430429444384218;23,0;23,0;26,8;0,0
116;;;;;;;;;;;;;;;;;;;;;;;;1;nan;;8,430429444384218;23,0;23,0;26,8;0,0
117;200000,0;1,0;2,0;2,0;36,0;0,0;0,0;0,0;0,0;0,0;5,551115123125783e-17;99483,0;97546,0;98897,0;94943,0;96967,0;99016,0;4841,0;4300,0;3300,0;3361,0;3500,0;3206,0;1;ok;8,156572341918945;8,430429444384218;23,0;23,0;26,8;0,0
118;;;;;;;;;;;;;;;;;;;;;;;;1;nan;;8,430429444384218;23,0;23,0;26,8;0,0
119;;;;;;;;;;;;;;;;;;;;;;;;1;nan;;8,430429444384218;23,0;23,0;26,8;0,0
120;60000,0;1,0;2,0;1,0;37,0;0,0;0,0;0,0;-1,0;-1,0;-1,0;6742,0;9582,0;-27,0;15273,0;14766,0;14687,0;3000,0;18,0;15300,0;5000,0;15132,0;6500,0;1;ok;10,171500205993652;8,430429444384218;23,0;23,0;26,8;0,0
121;90000,0;1,0;3,0;1,0;39,0;0,0;0,0;0,0;0,0;0,0;5,551115123125783e-17;93757,0;91359,0;88616,0;56887,0;46700,0;47272,0;4000,0;2625,0;2511,0;1501,0;1391,0;1393,0;1;ok;8,490595817565918;8,430429444384218;23,0;23,0;26,8;0,0
122;180000,0;1,0;2,0;1,0;41,0;-1,0;-1,0;-1,0;-1,0;-1,0;-1,0;859,0;1811,0;1335,0;366,0;1811,0;1828,0;1811,0000000000005;1335,0;366,0;1811,0;1828,0;366,0;1;ok;8,457098960876465;8,430429444384218;23,0;23,0;26,8;0,0
123;;;;;;;;;;;;;;;;;;;;;;;;1;nan;;8,430429444384218;23,0;23,0;26,8;0,0
124;;;;;;;;;;;;;;;;;;;;;;;;1;nan;;8,430429444384218;23,0;23,0;26,8;0,0
125;;;;;;;;;;;;;;;;;;;;;;;;1;nan;;8,430429444384218;23,0;23,0;26,8;0,0
126;;;;;;;;;;;;;;;;;;;;;;;;1;nan;;8,430429444384218;23,0;23,0;26,8;0,0
127;;;;;;;;;;;;;;;;;;;;;;;;1;nan;;8,430429444384218;23,0;23,0;26,8;0,0
128;;;;;;;;;;;;;;;;;;;;;;;;1;nan;;8,430429444384218;23,0;23,0;26,8;0,0
129;;;;;;;;;;;;;;;;;;;;;;;;0;nan;;8,430429444384218;23,0;23,0;26,8;0,0
130;;;;;;;;;;;;;;;;;;;;;;;;0;nan;;8,430429444384218;23,0;23,0;26,8;0,0
131;;;;;;;;;;;;;;;;;;;;;;;;1;nan;;8,430429444384218;23,0;23,0;26,8;0,0
132;210000,0;1,0;0,9999999999999999;2,0;31,0;-1,0;-1,0;-1,0;-1,0;-1,0;-1,0;326,0;326,0;326,0;326,0;326,0;326,0;326,0;326,0;326,0;326,0;326,0;133,0;1;ok;7,383087635040283;8,430429444384218;23,0;23,0;26,8;0,0
133;;;;;;;;;;;;;;;;;;;;;;;;1;nan;;8,430429444384218;23,0;23,0;26,8;0,0
134;;;;;;;;;;;;;;;;;;;;;;;;1;nan;;8,430429444384218;23,0;23,0;26,8;0,0
135;;;;;;;;;;;;;;;;;;;;;;;;1;nan;;8,430429444384218;23,0;23,0;26,8;0,0
136;130000,0;2,0;0,9999999999999999;1,0;46,0;0,0;0,0;0,0;0,0;0,0;5,551115123125783e-17;147582,0;138996,0;140558,0;90522,0;90917,0;92330,0;5394,0;4229,0;3211,0;3297,0;3312,0;3381,0;1;ok;8,481270790100098;8,430429444384218;23,0;23,0;26,8;0,0
137;;;;;;;;;;;;;;;;;;;;;;;;1;nan;;8,430429444384218;23,0;23,0;26,8;0,0
138;50000,0;2,0;3,0;1,0;53,0;0,9999999999999999;-2,0;-2,0;-2,0;-2,0;-2,0;0,0;0,0;0,0;0,0;0,0;0,0;0,0;0,0;0,0;0,0;0,0;0,0;1;ok;10,421411514282227;8,430429444384218;23,0;23,0;26,8;0,0
139;50000,0;1,0;2,0;2,0;27,0;0,9999999999999999;3,0000000000000004;1,9999999999999998;2,0;0,0;5,551115123125783e-17;41322,0;40383,0;42413,0;41434,0;45567,0;61595,0;0,0;3000,0;0,0;5000,0;20000,0;0,0;0;ok;8,687588691711426;8,430429444384218;23,0;23,0;26,8;0,0
140;;;;;;;;;;;;;;;;;;;;;;;;0;nan;;8,430429444384218;23,0;23,0;26,8;0,0
141;;;;;;;;;;;;;;;;;;;;;;;;0;nan;;8,430429444384218;23,0;23,0;26,8;0,0
142;;;;;;;;;;;;;;;;;;;;;;;;1;nan;;8,430429444384218;23,0;23,0;26,8;0,0
143;;;;;;;;;;;;;;;;;;;;;;;;1;nan;;8,430429444384218;23,0;23,0;26,8;0,0
144;;;;;;;;;;;;;;;;;;;;;;;;1;nan;;8,430429444384218;23,0;23,0;26,8;0,0
145;300000,0;2,0;2,0;1,0;34,0;-1,0;-1,0;-1,0;-1,0;-1,0;-1,0;999,9999999999927;1000,0;1000,0;1000,0;2000,0;1000,0;1000,0;1000,0;1000,0;2000,0;1000,0000000000005;1000,0;1;ok;7,324542999267578;8,430429444384218;23,0;23,0;26,8;0,0
146;;;;;;;;;;;;;;;;;;;;;;;;1;nan;;8,430429444384218;23,0;23,0;26,8;0,0
147;190000,0;2,0;2,0;1,0;37,0;0,0;0,0;1,9999999999999998;2,0;2,0;2,0;105679,0;115049,0;117856,0;119570,0;116284,0;123528,0;11000,0;6000,0;5000,0;0,0;9000,0;4000,0;0;ok;11,933557510375977;8,430429444384218;23,0;23,0;26,8;0,0
148;140000,0;2,0;0,9999999999999999;2,0;23,0;0,0;0,0;1,9999999999999998;0,0;0,0;5,551115123125783e-17;90289,0;91739,0;89623,0;82030,0;84792,0;84794,0;10007,0;1038,0;3900,0;5000,0;4000,0;5000,0;1;ok;7,1724629402160645;8,430429444384218;23,0;23,0;26,8;0,0
149;120000,0;2,0;0,9999999999999999;1,0;33,0;0,0;0,0;0,0;-1,0;-1,0;5,551115123125783e-17;35563,0;25614,0;19747,0;1201,0;2333,0;2250,0;1426,0;6400,0;1500,0;2700,0;0,0;0,0;1;ok;5,426401615142822;8,430429444384218;23,0;23,0;26,8;0,0
150;;;;;;;;;;;;;;;;;;;;;;;;1;nan;;8,430429444384218;23,0;23,0;26,8;0,0
151;90000,0;1,0;3,0;1,0;39,0;0,0;0,0;0,0;0,0;0,0;5,551115123125783e-17;93757,0;91359,0;88616,0;56887,0;46700,0;47272,0;4000,0;2625,0;2511,0;1501,0;1391,0;1393,0;1;ok;7,133897304534912;8,430429444384218;23,0;23,0;26,8;0,0
152;;;;;;;;;;;;;;;;;;;;;;;;0;nan;;8,430429444384218;23,0;23,0;26,8;0,0
153;50000,0;2,0;2,0;2,0;26,0;0,9999999999999999;2,0;1,9999999999999998;0,0;0,0;5,551115123125783e-17;50867,0;51486,0;48869,0;30115,0;29527,0;29998,0;1710,0;136,0;1205,9999999999995;2002,0;2005,0;3003,0;0;ok;5,748371124267578;8,430429444384218;23,0;23,0;26,8;0,0
154;;;;;;;;;;;;;;;;;;;;;;;;1;nan;;8,430429444384218;23,0;23,0;26,8;0,0
155;;;;;;;;;;;;;;;;;;;;;;;;1;nan;;8,430429444384218;23,0;23,0;26,8;0,0
156;;;;;;;;;;;;;;;;;;;;;;;;1;nan;;8,430429444384218;23,0;23,0;26,8;0,0
157;;;;;;;;;;;;;;;;;;;;;;;;1;nan;;8,430429444384218;23,0;23,0;26,8;0,0
158;10000,0;1,0;3,0;2,0;25,0;2,0;0,0;0,0;0,0;0,0;-2,0;4693,0;5371,0;6327,0;6055,0;0,0;0,0;1300,0000000000005;1600,0000000000005;400,0;0,0;0,0;0,0;0;ok;7,999290466308594;8,430429444384218;23,0;23,0;26,8;0,0
159;70000,0;1,0;2,0;1,0;45,0;0,0;0,0;0,0;0,0;0,0;5,551115123125783e-17;31218,0;32321,0;41713,0;42233,0;43288,0;46001,0;1608,0;10000,0;1511,0;1735,0;3600,0;0,0;1;ok;9,02168083190918;8,430429444384218;23,0;23,0;26,8;0,0
160;;;;;;;;;;;;;;;;;;;;;;;;1;nan;;8,430429444384218;23,0;23,0;26,8;0,0
161;;;;;;;;;;;;;;;;;;;;;;;;1;nan;;8,430429444384218;23,0;23,0;26,8;0,0
162;;;;;;;;;;;;;;;;;;;;;;;;0;nan;;8,430429444384218;23,0;23,0;26,8;0,0
163;;;;;;;;;;;;;;;;;;;;;;;;1;nan;;8,430429444384218;23,0;23,0;26,8;0,0
164;;;;;;;;;;;;;;;;;;;;;;;;1;nan;;8,430429444384218;23,0;23,0;26,8;0,0
165;;;;;;;;;;;;;;;;;;;;;;;;1;nan;;8,430429444384218;23,0;23,0;26,8;0,0
166;230000,0;2,0;2,0;2,0;28,0;-1,0;-1,0;-1,0;-2,0;-1,0;-1,0;875,0;375,0;-250,0;-125,0;609,0;362,0;1000,0;0,0;0,0;4000,0;3000,0;9000,0;1;ok;6,14483118057251;8,430429444384218;23,0;23,0;26,8;0,0
167;;;;;;;;;;;;;;;;;;;;;;;;0;nan;;8,430429444384218;23,0;23,0;26,8;0,0
168;;;;;;;;;;;;;;;;;;;;;;;;1;nan;;8,430429444384218;23,0;23,0;26,8;0,0
169;;;;;;;;;;;;;;;;;;;;;;;;1;nan;;8,430429444384218;23,0;23,0;26,8;0,0
170;360000,0;2,0;2,0;2,0;28,0;-2,0;-2,0;-2,0;-2,0;-2,0;-2,0;0,0;0,0;0,0;0,0;0,0;0,0;0,0;0,0;0,0;0,0;0,0;0,0;0;ok;9,828161239624023;8,430429444384218;23,0;23,0;26,8;0,0
171;;;;;;;;;;;;;;;;;;;;;;;;1;nan;;8,430429444384218;23,0;23,0;26,8;0,0
172;;;;;;;;;;;;;;;;;;;;;;;;1;nan;;8,430429444384218;23,0;23,0;26,8;0,0
173;180000,0;1,0;2,0;1,0;41,0;-1,0;-1,0;-1,0;-1,0;-1,0;-1,0;859,0;1811,0;1335,0;366,0;1811,0;1828,0;1811,0000000000005;1335,0;366,0;1811,0;1828,0;366,0;1;ok;8,450687408447266;8,430429444384218;23,0;23,0;26,8;0,0
174;;;;;;;;;;;;;;;;;;;;;;;;1;nan;;8,430429444384218;23,0;23,0;26,8;0,0
175;;;;;;;;;;;;;;;;;;;;;;;;1;nan;;8,430429444384218;23,0;23,0;26,8;0,0
176;170000,0;2,0;2,0;2,0;34,0;-1,0;-1,0;-1,0;-1,0;-1,0;-1,0;8069,0;2855,0;11744,0;5886,0;12916,0;3177,0;2855,0;11900,0;5886,0;12916,0;3177,0;4511,0;1;ok;8,37149715423584;8,430429444384218;23,0;23,0;26,8;0,0
177;110000,0;1,0;2,0;1,0;37,0;0,0;0,0;1,9999999999999998;2,0;0,0;5,551115123125783e-17;111864,0;112112,0;114367,0;111064,0;112123,0;111575,0;11000,0;5500,0;0,0;4400,0;4500,0;4200,0;0;ok;8,86867904663086;8,430429444384218;23,0;23,0;26,8;0,0
178;;;;;;;;;;;;;;;;;;;;;;;;0;nan;;8,430429444384218;23,0;23,0;26,8;0,0
179;;;;;;;;;;;;;;;;;;;;;;;;1;nan;;8,430429444384218;23,0;23,0;26,8;0,0
180;210000,0;1,0;2,0;2,0;32,0;0,0;0,0;1,9999999999999998;0,0;0,0;5,551115123125783e-17;155913,0;165227,0;161427,0;164860,0;187329,0;186079,0;13000,0;0,0;5666,0;24886,0;6282,0;6494,0;1;ok;9,676934242248535;8,430429444384218;23,0;23,0;26,8;0,0
181;130000,0;2,0;0,9999999999999999;1,0;46,0;0,0;0,0;0,0;0,0;0,0;5,551115123125783e-17;147582,0;138996,0;140558,0;90522,0;90917,0;92330,0;5394,0;4229,0;3211,0;3297,0;3312,0;3381,0;1;ok;8,4454984664917;8,430429444384218;23,0;23,0;26,8;0,0
182;;;;;;;;;;;;;;;;;;;;;;;;1;nan;;8,430429444384218;23,0;23,0;26,8;0,0
183;;;;;;;;;;;;;;;;;;;;;;;;1;nan;;8,430429444384218;23,0;23,0;26,8;0,0
184;;;;;;;;;;;;;;;;;;;;;;;;1;nan;;8,430429444384218;23,0;23,0;26,8;0,0
185;200000,0;2,0;2,0;1,0;48,0;-2,0;-1,0;1,9999999999999998;-1,0;0,0;5,551115123125783e-17;22111,0;32938,0;10902,0;6309,0;4979,0;2978,0;11257,0;0,0;6309,0;0,0;2986,0;0,0;1;ok;9,826105117797852;8,430429444384218;23,0;23,0;26,8;0,0
186;;;;;;;;;;;;;;;;;;;;;;;;1;nan;;8,430429444384218;23,0;23,0;26,8;0,0
187;30000,0;2,0;2,0;1,0;31,0;0,0;0,0;1,9999999999999998;0,0;0,0;5,551115123125783e-17;29493,0;19433,0;18782,0;19006,0;19637,0;21251,0;3200,0;0,0;742,0;1000,0;2000,0;0,0;0;ok;7,154516220092773;8,430429444384218;23,0;23,0;26,8;0,0
188;;;;;;;;;;;;;;;;;;;;;;;;1;nan;;8,430429444384218;23,0;23,0;26,8;0,0
189;;;;;;;;;;;;;;;;;;;;;;;;1;nan;;8,430429444384218;23,0;23,0;26,8;0,0
190;500000,0;2,0;0,9999999999999999;1,0;36,0;-2,0;-2,0;-2,0;-2,0;-2,0;-2,0;8561,0;682,0;15714,0;5390,0;43386,0;0,0;1364,0;15714,0;5390,0;43386,0;0,0;0,0;1;ok;8,873459815979004;8,430429444384218;23,0;23,0;26,8;0,0
191;;;;;;;;;;;;;;;;;;;;;;;;1;nan;;8,430429444384218;23,0;23,0;26,8;0,0
192;;;;;;;;;;;;;;;;;;;;;;;;1;nan;;8,430429444384218;23,0;23,0;26,8;0,0
193;;;;;;;;;;;;;;;;;;;;;;;;1;nan;;8,430429444384218;23,0;23,0;26,8;0,0
194;50000,0;2,0;3,0;1,0;53,0;0,0;0,0;0,0;0,0;0,0;5,551115123125783e-17;46778,0;47770,0;49009,0;50593,0;20218,0;20645,0;1770,0;2009,0;2593,0;1000,0;752,0;1017,0;1;ok;8,374641418457031;8,430429444384218;23,0;23,0;26,8;0,0
195;20000,0;2,0;2,0;1,0;48,0;-1,0;2,0;1,9999999999999998;-1,0;0,0;-1,0;780,0;780,0;390,0;780,0;390,0;1735,0;390,0;0,0;779,9999999999995;0,0;1735,0;0,0;1;ok;8,624099731445312;8,430429444384218;23,0;23,0;26,8;0,0
196;;;;;;;;;;;;;;;;;;;;;;;;1;nan;;8,430429444384218;23,0;23,0;26,8;0,0
197;;;;;;;;;;;;;;;;;;;;;;;;1;nan;;8,430429444384218;23,0;23,0;26,8;0,0
198;60000,0;2,0;2,0;1,0;25,0;0,0;0,0;1,9999999999999998;0,0;0,0;5,551115123125783e-17;34733,0;37460,0;36558,0;37945,0;38782,0;39582,0;3600,0;0,0;2000,0;1600,0;1600,0;1340,0;0;ok;5,685563087463379;8,430429444384218;23,0;23,0;26,8;0,0
199;;;;;;;;;;;;;;;;;;;;;;;;1;nan;;8,430429444384218;23,0;23,0;26,8;0,0
200;300000,0;2,0;2,0;1,0;34,0;-1,0;-1,0;-1,0;-1,0;-1,0;-1,0;999,9999999999927;1000,0;1000,0;1000,0;2000,0;1000,0;1000,0;1000,0;1000,0;2000,0;1000,0000000000005;1000,0;0;ok;8,643367767333984;8,430429444384218;23,0;23,0;26,8;0,0
201;;;;;;;;;;;;;;;;;;;;;;;;1;nan;;8,430429444384218;23,0;23,0;26,8;0,0
202;;;;;;;;;;;;;;;;;;;;;;;;1;nan;;8,430429444384218;23,0;23,0;26,8;0,0
203;;;;;;;;;;;;;;;;;;;;;;;;1;nan;;8,430429444384218;23,0;23,0;26,8;0,0
204;110000,0;2,0;2,0;1,0;46,0;0,0;0,0;0,0;0,0;0,0;5,551115123125783e-17;110950,0;111750,0;111227,0;110849,0;110575,0;110394,0;4088,0;3912,0;3888,0;3975,0;4162,0;3945,0;1;ok;8,270638465881348;8,430429444384218;23,0;23,0;26,8;0,0
205;;;;;;;;;;;;;;;;;;;;;;;;0;nan;;8,430429444384218;23,0;23,0;26,8;0,0
206;;;;;;;;;;;;;;;;;;;;;;;;1;nan;;8,430429444384218;23,0;23,0;26,8;0,0
207;20000,0;1,0;2,0;2,0;25,0;0,0;0,0;0,0;0,0;0,0;5,551115123125783e-17;17286,0;18199,0;18559,0;19068,0;19053,0;16500,0;1594,0;1344,0;1243,0;617,9999999999995;579,0;778,0;1;ok;6,741338729858398;8,430429444384218;23,0;23,0;26,8;0,0
208;120000,0;2,0;0,9999999999999999;1,0;33,0;0,0;0,0;0,0;-1,0;-1,0;5,551115123125783e-17;35563,0;25614,0;19747,0;1201,0;2333,0;2250,0;1426,0;6400,0;1500,0;2700,0;0,0;0,0;1;ok;8,050177574157715;8,430429444384218;23,0;23,0;26,8;0,0
209;10000,0;1,0;3,0;2,0;22,0;0,9999999999999999;-1,0;0,0;0,0;0,0;5,551115123125783e-17;0,0;7492,0;8589,0;9365,0;7740,0;1000,0;7492,0;1224,0;1000,0;175,0;0,0;0,0;0;ok;8,013718605041504;8,430429444384218;23,0;23,0;26,8;0,0
210;;;;;;;;;;;;;;;;;;;;;;;;0;nan;;8,430429444384218;23,0;23,0;26,8;0,0
211;;;;;;;;;;;;;;;;;;;;;;;;1;nan;;8,430429444384218;23,0;23,0;26,8;0,0
212;;;;;;;;;;;;;;;;;;;;;;;;1;nan;;8,430429444384218;23,0;23,0;26,8;0,0
213;;;;;;;;;;;;;;;;;;;;;;;;1;nan;;8,430429444384218;23,0;23,0;26,8;0,0
214;;;;;;;;;;;;;;;;;;;;;;;;1;nan;;8,430429444384218;23,0;23,0;26,8;0,0
215;;;;;;;;;;;;;;;;;;;;;;;;1;nan;;8,430429444384218;23,0;23,0;26,8;0,0
216;;;;;;;;;;;;;;;;;;;;;;;;1;nan;;8,430429444384218;23,0;23,0;26,8;0,0
217;;;;;;;;;;;;;;;;;;;;;;;;1;nan;;8,430429444384218;23,0;23,0;26,8;0,0
218;300000,0;2,0;2,0;1,0;34,0;-1,0;-1,0;-1,0;-1,0;-1,0;-1,0;999,9999999999927;1000,0;1000,0;1000,0;2000,0;1000,0;1000,0;1000,0;1000,0;2000,0;1000,0000000000005;1000,0;1;ok;7,318360805511475;8,430429444384218;23,0;23,0;26,8;0,0
219;;;;;;;;;;;;;;;;;;;;;;;;1;nan;;8,430429444384218;23,0;23,0;26,8;0,0
220;210000,0;1,0;0,9999999999999999;2,0;31,0;-1,0;-1,0;-1,0;-1,0;-1,0;-1,0;326,0;326,0;326,0;326,0;326,0;326,0;326,0;326,0;326,0;326,0;326,0;133,0;1;ok;7,400012016296387;8,430429444384218;23,0;23,0;26,8;0,0
221;210000,0;1,0;0,9999999999999999;2,0;31,0;-1,0;-1,0;-1,0;-1,0;-1,0;-1,0;326,0;326,0;326,0;326,0;326,0;326,0;326,0;326,0;326,0;326,0;326,0;133,0;1;ok;7,377479553222656;8,430429444384218;23,0;23,0;26,8;0,0
222;;;;;;;;;;;;;;;;;;;;;;;;1;nan;;8,430429444384218;23,0;23,0;26,8;0,0
223;;;;;;;;;;;;;;;;;;;;;;;;1;nan;;8,430429444384218;23,0;23,0;26,8;0,0
224;;;;;;;;;;;;;;;;;;;;;;;;1;nan;;8,430429444384218;23,0;23,0;26,8;0,0
225;;;;;;;;;;;;;;;;;;;;;;;;1;nan;;8,430429444384218;23,0;23,0;26,8;0,0
226;;;;;;;;;;;;;;;;;;;;;;;;1;nan;;8,430429444384218;23,0;23,0;26,8;0,0
227;50000,0;2,0;3,0;1,0;53,0;0,9999999999999999;-2,0;-2,0;-2,0;-2,0;-2,0;0,0;0,0;0,0;0,0;0,0;0,0;0,0;0,0;0,0;0,0;0,0;0,0;0;ok;8,41226577758789;8,430429444384218;23,0;23,0;26,8;0,0
228;;;;;;;;;;;;;;;;;;;;;;;;1;nan;;8,430429444384218;23,0;23,0;26,8;0,0
229;;;;;;;;;;;;;;;;;;;;;;;;1;nan;;8,430429444384218;23,0;23,0;26,8;0,0
230;;;;;;;;;;;;;;;;;;;;;;;;0;nan;;8,430429444384218;23,0;23,0;26,8;0,0
231;;;;;;;;;;;;;;;;;;;;;;;;0;nan;;8,430429444384218;23,0;23,0;26,8;0,0
232;;;;;;;;;;;;;;;;;;;;;;;;1;nan;;8,430429444384218;23,0;23,0;26,8;0,0
233;;;;;;;;;;;;;;;;;;;;;;;;1;nan;;8,430429444384218;23,0;23,0;26,8;0,0
234;;;;;;;;;;;;;;;;;;;;;;;;1;nan;;8,430429444384218;23,0;23,0;26,8;0,0
235;80000,0;2,0;0,9999999999999999;2,0;24,0;-1,0;-1,0;-1,0;-1,0;-1,0;-1,0;329,0;49,0;317,0;827,0;390,0;120,0;500,0;320,0;900,0;400,0;120,0;400,0;1;ok;5,725306510925293;8,430429444384218;23,0;23,0;26,8;0,0
236;;;;;;;;;;;;;;;;;;;;;;;;1;nan;;8,430429444384218;23,0;23,0;26,8;0,0
237;;;;;;;;;;;;;;;;;;;;;;;;0;nan;;8,430429444384218;23,0;23,0;26,8;0,0
238;50000,0;1,0;2,0;2,0;27,0;0,9999999999999999;3,0000000000000004;1,9999999999999998;2,0;0,0;5,551115123125783e-17;41322,0;40383,0;42413,0;41434,0;45567,0;61595,0;0,0;3000,0;0,0;5000,0;20000,0;0,0;1;ok;6,414303779602051;8,430429444384218;23,0;23,0;26,8;0,0
239;;;;;;;;;;;;;;;;;;;;;;;;1;nan;;8,430429444384218;23,0;23,0;26,8;0,0
240;;;;;;;;;;;;;;;;;;;;;;;;0;nan;;8,430429444384218;23,0;23,0;26,8;0,0
241;;;;;;;;;;;;;;;;;;;;;;;;1;nan;;8,430429444384218;23,0;23,0;26,8;0,0
242;;;;;;;;;;;;;;;;;;;;;;;;1;nan;;8,430429444384218;23,0;23,0;26,8;0,0
243;420000,0;1,0;0,9999999999999999;1,0;46,0;2,0;2,0;1,9999999999999998;0,0;0,0;5,551115123125783e-17;426429,0;436968,0;428712,0;425345,0;354852,0;353113,0;19000,0;0,0;16100,0;13000,0;14064,0;111170,0;1;ok;20,662504196166992;8,430429444384218;23,0;23,0;26,8;0,0
244;;;;;;;;;;;;;;;;;;;;;;;;1;nan;;8,430429444384218;23,0;23,0;26,8;0,0
245;;;;;;;;;;;;;;;;;;;;;;;;1;nan;;8,430429444384218;23,0;23,0;26,8;0,0
246;280000,0;2,0;0,9999999999999999;2,0;38,0;0,9999999999999999;-2,0;-1,0;-1,0;-1,0;-1,0;0,0;0,0;3898,0;1460,0;18901,0;0,0;0,0;3898,0;1460,0;18901,0;0,0;0,0;1;ok;7,400829315185547;8,430429444384218;23,0;23,0;26,8;0,0
247;;;;;;;;;;;;;;;;;;;;;;;;1;nan;;8,430429444384218;23,0;23,0;26,8;0,0
248;;;;;;;;;;;;;;;;;;;;;;;;1;nan;;8,430429444384218;23,0;23,0;26,8;0,0
249;;;;;;;;;;;;;;;;;;;;;;;;1;nan;;8,430429444384218;23,0;23,0;26,8;0,0
250;100000,0;1,0;2,0;1,0;41,0;2,0;2,0;1,9999999999999998;2,0;2,0;2,0;68786,0;69604,0;67887,0;72744,0;73932,0;75560,0;2500,0;0,0;6000,0;2500,0;3000,0;3000,0;0;ok;7,385615348815918;8,430429444384218;23,0;23,0;26,8;0,0
251;;;;;;;;;;;;;;;;;;;;;;;;1;nan;;8,430429444384218;23,0;23,0;26,8;0,0
252;;;;;;;;;;;;;;;;;;;;;;;;1;nan;;8,430429444384218;23,0;23,0;26,8;0,0
253;;;;;;;;;;;;;;;;;;;;;;;;1;nan;;8,430429444384218;23,0;23,0;26,8;0,0
254;110000,0;2,0;2,0;1,0;33,0;0,0;0,0;0,0;2,0;2,0;2,0;105440,0;105852,0;111966,0;106068,0;109293,0;105804,0;5300,0;11000,0;0,0;8077,0;0,0;3947,0;1;ok;9,163179397583008;8,430429444384218;23,0;23,0;26,8;0,0
255;500000,0;2,0;0,9999999999999999;1,0;36,0;-2,0;-2,0;-2,0;-2,0;-2,0;-2,0;8561,0;682,0;15714,0;5390,0;43386,0;0,0;1364,0;15714,0;5390,0;43386,0;0,0;0,0;0;ok;11,801576614379883;8,430429444384218;23,0;23,0;26,8;0,0
256;;;;;;;;;;;;;;;;;;;;;;;;1;nan;;8,430429444384218;23,0;23,0;26,8;0,0
257;;;;;;;;;;;;;;;;;;;;;;;;1;nan;;8,430429444384218;23,0;23,0;26,8;0,0
258;;;;;;;;;;;;;;;;;;;;;;;;1;nan;;8,430429444384218;23,0;23,0;26,8;0,0
259;;;;;;;;;;;;;;;;;;;;;;;;1;nan;;8,430429444384218;23,0;23,0;26,8;0,0
260;;;;;;;;;;;;;;;;;;;;;;;;1;nan;;8,430429444384218;23,0;23,0;26,8;0,0
261;;;;;;;;;;;;;;;;;;;;;;;;1;nan;;8,430429444384218;23,0;23,0;26,8;0,0
262;;;;;;;;;;;;;;;;;;;;;;;;1;nan;;8,430429444384218;23,0;23,0;26,8;0,0
263;;;;;;;;;;;;;;;;;;;;;;;;1;nan;;8,430429444384218;23,0;23,0;26,8;0,0
264;;;;;;;;;;;;;;;;;;;;;;;;1;nan;;8,430429444384218;23,0;23,0;26,8;0,0
265;;;;;;;;;;;;;;;;;;;;;;;;1;nan;;8,430429444384218;23,0;23,0;26,8;0,0
266;;;;;;;;;;;;;;;;;;;;;;;;1;nan;;8,430429444384218;23,0;23,0;26,8;0,0
267;270000,0;2,0;2,0;1,0;40,0;0,0;0,0;0,0;0,0;0,0;5,551115123125783e-17;26183,0;24181,0;19543,0;17160,0;14818,0;12702,0;1826,0;1469,0;514,0;581,0000000000005;611,9999999999995;312,0;1;ok;7,6387434005737305;8,430429444384218;23,0;23,0;26,8;0,0
268;;;;;;;;;;;;;;;;;;;;;;;;1;nan;;8,430429444384218;23,0;23,0;26,8;0,0
269;;;;;;;;;;;;;;;;;;;;;;;;1;nan;;8,430429444384218;23,0;23,0;26,8;0,0
270;;;;;;;;;;;;;;;;;;;;;;;;0;nan;;8,430429444384218;23,0;23,0;26,8;0,0
271;;;;;;;;;;;;;;;;;;;;;;;;1;nan;;8,430429444384218;23,0;23,0;26,8;0,0
272;50000,0;1,0;2,0;1,0;29,0;0,9999999999999999;2,0;0,0;0,0;0,0;2,0;23451,0;22781,000000000004;24108,0;25203,0;26681,0;26117,0;0,0;2000,0;1800,0;2200,0;0,0;2250,0;1;ok;8,030821800231934;8,430429444384218;23,0;23,0;26,8;0,0
273;;;;;;;;;;;;;;;;;;;;;;;;1;nan;;8,430429444384218;23,0;23,0;26,8;0,0
274;;;;;;;;;;;;;;;;;;;;;;;;1;nan;;8,430429444384218;23,0;23,0;26,8;0,0
275;;;;;;;;;;;;;;;;;;;;;;;;1;nan;;8,430429444384218;23,0;23,0;26,8;0,0
276;230000,0;1,0;2,0;1,0;33,0;0,9999999999999999;-1,0;-1,0;-1,0;-1,0;-1,0;0,0;1427,0;0,0;198,0;0,0;525,0;1427,0;0,0;198,0;0,0;525,0;0,0;1;ok;9,13418960571289;8,430429444384218;23,0;23,0;26,8;0,0
277;;;;;;;;;;;;;;;;;;;;;;;;0;nan;;8,430429444384218;23,0;23,0;26,8;0,0
278;;;;;;;;;;;;;;;;;;;;;;;;0;nan;;8,430429444384218;23,0;23,0;26,8;0,0
279;;;;;;;;;;;;;;;;;;;;;;;;1;nan;;8,430429444384218;23,0;23,0;26,8;0,0
280;;;;;;;;;;;;;;;;;;;;;;;;0;nan;;8,430429444384218;23,0;23,0;26,8;0,0
281;260000,0;1,0;2,0;1,0;43,0;0,0;0,0;0,0;0,0;0,0;5,551115123125783e-17;99523,0;76712,0;55185,0;82040,0;60867,0;59005,0;3514,0;3049,0;58312,0;3018,0;3020,0;1511,0;0;ok;13,672515869140625;8,430429444384218;23,0;23,0;26,8;0,0
282;50000,0;1,0;2,0;2,0;24,0;0,0;0,0;0,0;0,0;0,0;5,551115123125783e-17;5599,0;6696,0;7783,0;8843,0;9209,0;10070,0;1200,0;1200,0;1200,0;500,0;1000,0000000000005;500,0;1;ok;6,662812232971191;8,430429444384218;23,0;23,0;26,8;0,0
283;;;;;;;;;;;;;;;;;;;;;;;;0;nan;;8,430429444384218;23,0;23,0;26,8;0,0
284;20000,0;1,0;2,0;2,0;25,0;0,0;0,0;0,0;0,0;0,0;5,551115123125783e-17;17286,0;18199,0;18559,0;19068,0;19053,0;16500,0;1594,0;1344,0;1243,0;617,9999999999995;579,0;778,0;1;ok;6,728002071380615;8,430429444384218;23,0;23,0;26,8;0,0
285;;;;;;;;;;;;;;;;;;;;;;;;1;nan;;8,430429444384218;23,0;23,0;26,8;0,0
286;20000,0;2,0;2,0;1,0;40,0;2,0;2,0;4,0;3,0;2,0;5,551115123125783e-17;17761,0;21152,0;20508,0;19933,0;19517,0;20235,0;4000,0;0,0;0,0;0,0;1000,0000000000005;3000,0;0;ok;7,260529041290283;8,430429444384218;23,0;23,0;26,8;0,0
287;50000,0;1,0;2,0;2,0;31,0;0,9999999999999999;2,0;0,0;0,0;0,0;5,551115123125783e-17;18190,0;12521,0;14308,0;14769,0;15925,0;15441,0;0,0;2000,0;1000,0;1542,0;764,0;3000,0;0;ok;7,069092750549316;8,430429444384218;23,0;23,0;26,8;0,0
288;;;;;;;;;;;;;;;;;;;;;;;;1;nan;;8,430429444384218;23,0;23,0;26,8;0,0
289;;;;;;;;;;;;;;;;;;;;;;;;1;nan;;8,430429444384218;23,0;23,0;26,8;0,0
290;;;;;;;;;;;;;;;;;;;;;;;;1;nan;;8,430429444384218;23,0;23,0;26,8;0,0
291;;;;;;;;;;;;;;;;;;;;;;;;1;nan;;8,430429444384218;23,0;23,0;26,8;0,0
292;;;;;;;;;;;;;;;;;;;;;;;;1;nan;;8,430429444384218;23,0;23,0;26,8;0,0
293;;;;;;;;;;;;;;;;;;;;;;;;1;nan;;8,430429444384218;23,0;23,0;26,8;0,0
294;;;;;;;;;;;;;;;;;;;;;;;;0;nan;;8,430429444384218;23,0;23,0;26,8;0,0
295;30000,0;2,0;2,0;2,0;37,0;2,0;0,0;0,0;0,0;0,0;5,551115123125783e-17;25037,0;18486,0;19082,0;19145,0;15839,0;9335,0;2000,0;2000,0;2500,0;2000,0;2000,0;4000,0;0;ok;6,299282550811768;8,430429444384218;23,0;23,0;26,8;0,0
296;300000,0;2,0;2,0;1,0;34,0;-1,0;-1,0;-1,0;-1,0;-1,0;-1,0;999,9999999999927;1000,0;1000,0;1000,0;2000,0;1000,0;1000,0;1000,0;1000,0;2000,0;1000,0000000000005;1000,0;1;ok;7,343174934387207;8,430429444384218;23,0;23,0;26,8;0,0
297;30000,0;1,0;2,0;2,0;35,0;2,0;2,0;1,9999999999999998;2,0;2,0;2,0;27143,0;28211,0;28654,0;27897,0;29587,0;30152,0;1799,9999999999995;1200,0;0,0;2300,0;1199,9999999999995;0,0;0;ok;7,613831520080566;8,430429444384218;23,0;23,0;26,8;0,0
298;;;;;;;;;;;;;;;;;;;;;;;;0;nan;;8,430429444384218;23,0;23,0;26,8;0,0
299;;;;;;;;;;;;;;;;;;;;;;;;1;nan;;8,430429444384218;23,0;23,0;26,8;0,0
300;120000,0;1,0;2,0;2,0;28,0;-1,0;-1,0;-1,0;-1,0;-1,0;-1,0;4310,0;3905,0;2411,0;1925,0;2943,0;6249,0;3905,0;2411,0;1925,0;2943,0;6249,0;1780,0;1;ok;7,3291425704956055;8,430429444384218;23,0;23,0;26,8;0,0
301;;;;;;;;;;;;;;;;;;;;;;;;1;nan;;8,430429444384218;23,0;23,0;26,8;0,0
302;110000,0;2,0;2,0;1,0;46,0;0,0;0,0;0,0;0,0;0,0;5,551115123125783e-17;110950,0;111750,0;111227,0;110849,0;110575,0;110394,0;4088,0;3912,0;3888,0;3975,0;4162,0;3945,0;1;ok;8,811660766601562;8,430429444384218;23,0;23,0;26,8;0,0
303;300000,0;2,0;2,0;1,0;34,0;-1,0;-1,0;-1,0;-1,0;-1,0;-1,0;999,9999999999927;1000,0;1000,0;1000,0;2000,0;1000,0;1000,0;1000,0;1000,0;2000,0;1000,0000000000005;1000,0;1;ok;8,478255271911621;8,430429444384218;23,0;23,0;26,8;0,0
304;50000,0;1,0;0,9999999999999999;1,0;29,0;0,0;0,0;0,0;0,0;0,0;5,551115123125783e-17;48310,0;49690,0;40697,0;16751,0;17093,0;13191,0;2300,0;1400,0;335,0;342,0;4000,0;200,0;1;ok;5,769846439361572;8,430429444384218;23,0;23,0;26,8;0,0
305;;;;;;;;;;;;;;;;;;;;;;;;1;nan;;8,430429444384218;23,0;23,0;26,8;0,0
306;;;;;;;;;;;;;;;;;;;;;;;;1;nan;;8,430429444384218;23,0;23,0;26,8;0,0
307;;;;;;;;;;;;;;;;;;;;;;;;0;nan;;8,430429444384218;23,0;23,0;26,8;0,0
308;;;;;;;;;;;;;;;;;;;;;;;;1;nan;;8,430429444384218;23,0;23,0;26,8;0,0
309;;;;;;;;;;;;;;;;;;;;;;;;0;nan;;8,430429444384218;23,0;23,0;26,8;0,0
310;;;;;;;;;;;;;;;;;;;;;;;;0;nan;;8,430429444384218;23,0;23,0;26,8;0,0
311;;;;;;;;;;;;;;;;;;;;;;;;1;nan;;8,430429444384218;23,0;23,0;26,8;0,0
312;;;;;;;;;;;;;;;;;;;;;;;;1;nan;;8,430429444384218;23,0;23,0;26,8;0,0
313;;;;;;;;;;;;;;;;;;;;;;;;1;nan;;8,430429444384218;23,0;23,0;26,8;0,0
314;;;;;;;;;;;;;;;;;;;;;;;;1;nan;;8,430429444384218;23,0;23,0;26,8;0,0
315;;;;;;;;;;;;;;;;;;;;;;;;1;nan;;8,430429444384218;23,0;23,0;26,8;0,0
316;;;;;;;;;;;;;;;;;;;;;;;;0;nan;;8,430429444384218;23,0;23,0;26,8;0,0
317;;;;;;;;;;;;;;;;;;;;;;;;0;nan;;8,430429444384218;23,0;23,0;26,8;0,0
318;;;;;;;;;;;;;;;;;;;;;;;;1;nan;;8,430429444384218;23,0;23,0;26,8;0,0
319;;;;;;;;;;;;;;;;;;;;;;;;1;nan;;8,430429444384218;23,0;23,0;26,8;0,0
320;;;;;;;;;;;;;;;;;;;;;;;;0;nan;;8,430429444384218;23,0;23,0;26,8;0,0
321;;;;;;;;;;;;;;;;;;;;;;;;0;nan;;8,430429444384218;23,0;23,0;26,8;0,0
322;;;;;;;;;;;;;;;;;;;;;;;;1;nan;;8,430429444384218;23,0;23,0;26,8;0,0
323;;;;;;;;;;;;;;;;;;;;;;;;0;nan;;8,430429444384218;23,0;23,0;26,8;0,0
324;;;;;;;;;;;;;;;;;;;;;;;;1;nan;;8,430429444384218;23,0;23,0;26,8;0,0
325;;;;;;;;;;;;;;;;;;;;;;;;1;nan;;8,430429444384218;23,0;23,0;26,8;0,0
326;;;;;;;;;;;;;;;;;;;;;;;;1;nan;;8,430429444384218;23,0;23,0;26,8;0,0
327;;;;;;;;;;;;;;;;;;;;;;;;1;nan;;8,430429444384218;23,0;23,0;26,8;0,0
328;;;;;;;;;;;;;;;;;;;;;;;;0;nan;;8,430429444384218;23,0;23,0;26,8;0,0
329;;;;;;;;;;;;;;;;;;;;;;;;1;nan;;8,430429444384218;23,0;23,0;26,8;0,0
330;;;;;;;;;;;;;;;;;;;;;;;;1;nan;;8,430429444384218;23,0;23,0;26,8;0,0
331;;;;;;;;;;;;;;;;;;;;;;;;1;nan;;8,430429444384218;23,0;23,0;26,8;0,0
332;;;;;;;;;;;;;;;;;;;;;;;;0;nan;;8,430429444384218;23,0;23,0;26,8;0,0
333;;;;;;;;;;;;;;;;;;;;;;;;1;nan;;8,430429444384218;23,0;23,0;26,8;0,0
334;;;;;;;;;;;;;;;;;;;;;;;;0;nan;;8,430429444384218;23,0;23,0;26,8;0,0
335;;;;;;;;;;;;;;;;;;;;;;;;1;nan;;8,430429444384218;23,0;23,0;26,8;0,0
336;;;;;;;;;;;;;;;;;;;;;;;;0;nan;;8,430429444384218;23,0;23,0;26,8;0,0
337;;;;;;;;;;;;;;;;;;;;;;;;1;nan;;8,430429444384218;23,0;23,0;26,8;0,0
338;;;;;;;;;;;;;;;;;;;;;;;;0;nan;;8,430429444384218;23,0;23,0;26,8;0,0
339;;;;;;;;;;;;;;;;;;;;;;;;1;nan;;8,430429444384218;23,0;23,0;26,8;0,0
340;;;;;;;;;;;;;;;;;;;;;;;;1;nan;;8,430429444384218;23,0;23,0;26,8;0,0
341;;;;;;;;;;;;;;;;;;;;;;;;0;nan;;8,430429444384218;23,0;23,0;26,8;0,0
342;;;;;;;;;;;;;;;;;;;;;;;;1;nan;;8,430429444384218;23,0;23,0;26,8;0,0
343;;;;;;;;;;;;;;;;;;;;;;;;1;nan;;8,430429444384218;23,0;23,0;26,8;0,0
344;;;;;;;;;;;;;;;;;;;;;;;;1;nan;;8,430429444384218;23,0;23,0;26,8;0,0
345;;;;;;;;;;;;;;;;;;;;;;;;1;nan;;8,430429444384218;23,0;23,0;26,8;0,0
346;;;;;;;;;;;;;;;;;;;;;;;;1;nan;;8,430429444384218;23,0;23,0;26,8;0,0
347;;;;;;;;;;;;;;;;;;;;;;;;0;nan;;8,430429444384218;23,0;23,0;26,8;0,0
348;;;;;;;;;;;;;;;;;;;;;;;;1;nan;;8,430429444384218;23,0;23,0;26,8;0,0
349;20000,0;1,0;3,0;2,0;33,0;0,9999999999999999;2,0;1,9999999999999998;2,0;2,0;2,0;16247,0;15689,0;18417,0;17802,0;19543,0;18442,0;0,0;3000,0;0,0;2000,0;0,0;1000,0;1;ok;9,842936515808105;8,430429444384218;23,0;23,0;26,8;0,0
350;;;;;;;;;;;;;;;;;;;;;;;;1;nan;;8,430429444384218;23,0;23,0;26,8;0,0
351;70000,0;2,0;3,0;2,0;27,0;0,0;0,0;0,0;0,0;0,0;2,0;57879,0;54856,0;55972,0;56543,0;60179,0;59058,0;2600,0;2618,0;2100,0;4550,0;0,0;2340,0;0;ok;6,228418350219727;8,430429444384218;23,0;23,0;26,8;0,0
352;20000,0;2,0;2,0;2,0;25,0;2,0;2,0;1,9999999999999998;2,0;0,0;5,551115123125783e-17;17496,0;16923,0;20319,0;19543,0;19534,0;19320,0;0,0;4000,0;0,0;391,0;386,0;249,0;0;ok;7,024765968322754;8,430429444384218;23,0;23,0;26,8;0,0
353;;;;;;;;;;;;;;;;;;;;;;;;0;nan;;8,430429444384218;23,0;23,0;26,8;0,0
354;;;;;;;;;;;;;;;;;;;;;;;;1;nan;;8,430429444384218;23,0;23,0;26,8;0,0
355;130000,0;2,0;0,9999999999999999;1,0;46,0;0,0;0,0;0,0;0,0;0,0;5,551115123125783e-17;147582,0;138996,0;140558,0;90522,0;90917,0;92330,0;5394,0;4229,0;3211,0;3297,0;3312,0;3381,0;1;ok;9,039777755737305;8,430429444384218;23,0;23,0;26,8;0,0
356;;;;;;;;;;;;;;;;;;;;;;;;1;nan;;8,430429444384218;23,0;23,0;26,8;0,0
357;;;;;;;;;;;;;;;;;;;;;;;;1;nan;;8,430429444384218;23,0;23,0;26,8;0,0
358;;;;;;;;;;;;;;;;;;;;;;;;1;nan;;8,430429444384218;23,0;23,0;26,8;0,0
359;;;;;;;;;;;;;;;;;;;;;;;;1;nan;;8,430429444384218;23,0;23,0;26,8;0,0
360;;;;;;;;;;;;;;;;;;;;;;;;1;nan;;8,430429444384218;23,0;23,0;26,8;0,0
361;;;;;;;;;;;;;;;;;;;;;;;;1;nan;;8,430429444384218;23,0;23,0;26,8;0,0
362;20000,0;2,0;2,0;1,0;37,0;0,0;0,0;0,0;0,0;0,0;-2,0;17312,0;17762,0;18814,0;19614,0;0,0;0,0;1500,0;1500,0;1000,0;0,0;0,0;0,0;1;ok;7,445764064788818;8,430429444384218;23,0;23,0;26,8;0,0
363;;;;;;;;;;;;;;;;;;;;;;;;1;nan;;8,430429444384218;23,0;23,0;26,8;0,0
364;;;;;;;;;;;;;;;;;;;;;;;;1;nan;;8,430429444384218;23,0;23,0;26,8;0,0
365;300000,0;2,0;2,0;1,0;34,0;-1,0;-1,0;-1,0;-1,0;-1,0;-1,0;999,9999999999927;1000,0;1000,0;1000,0;2000,0;1000,0;1000,0;1000,0;1000,0;2000,0;1000,0000000000005;1000,0;1;ok;7,336945056915283;8,430429444384218;23,0;23,0;26,8;0,0
366;;;;;;;;;;;;;;;;;;;;;;;;1;nan;;8,430429444384218;23,0;23,0;26,8;0,0
367;;;;;;;;;;;;;;;;;;;;;;;;0;nan;;8,430429444384218;23,0;23,0;26,8;0,0
368;;;;;;;;;;;;;;;;;;;;;;;;1;nan;;8,430429444384218;23,0;23,0;26,8;0,0
369;;;;;;;;;;;;;;;;;;;;;;;;1;nan;;8,430429444384218;23,0;23,0;26,8;0,0
370;;;;;;;;;;;;;;;;;;;;;;;;1;nan;;8,430429444384218;23,0;23,0;26,8;0,0
371;30000,0;1,0;2,0;2,0;35,0;2,0;2,0;1,9999999999999998;2,0;2,0;2,0;27143,0;28211,0;28654,0;27897,0;29587,0;30152,0;1799,9999999999995;1200,0;0,0;2300,0;1199,9999999999995;0,0;1;ok;8,436212539672852;8,430429444384218;23,0;23,0;26,8;0,0
372;;;;;;;;;;;;;;;;;;;;;;;;1;nan;;8,430429444384218;23,0;23,0;26,8;0,0
373;;;;;;;;;;;;;;;;;;;;;;;;1;nan;;8,430429444384218;23,0;23,0;26,8;0,0
374;110000,0;2,0;2,0;1,0;46,0;0,0;0,0;0,0;0,0;0,0;5,551115123125783e-17;110950,0;111750,0;111227,0;110849,0;110575,0;110394,0;4088,0;3912,0;3888,0;3975,0;4162,0;3945,0;1;ok;10,329474449157715;8,430429444384218;23,0;23,0;26,8;0,0
375;;;;;;;;;;;;;;;;;;;;;;;;1;nan;;8,430429444384218;23,0;23,0;26,8;0,0
376;;;;;;;;;;;;;;;;;;;;;;;;1;nan;;8,430429444384218;23,0;23,0;26,8;0,0
377;360000,0;2,0;2,0;2,0;41,0;0,0;0,0;0,0;0,0;0,0;5,551115123125783e-17;352538,0;360648,0;339204,0;282520,0;290521,0;27792,0;14152,0;15000,0;15000,0;15004,0;5071,0;5168,0;1;ok;14,618290901184082;8,430429444384218;23,0;23,0;26,8;0,0
378;120000,0;1,0;2,0;2,0;28,0;-1,0;-1,0;-1,0;-1,0;-1,0;-1,0;4310,0;3905,0;2411,0;1925,0;2943,0;6249,0;3905,0;2411,0;1925,0;2943,0;6249,0;1780,0;1;ok;6,932821750640869;8,430429444384218;23,0;23,0;26,8;0,0
379;150000,0;2,0;0,9999999999999999;2,0;29,0;-1,0;-1,0;-1,0;0,0;0,0;5,551115123125783e-17;2356,0;16836,0;1094,0;6382,0;5288,0;5288,0;16836,0;2000,0;5288,0;0,0;0,0;0,0;1;ok;7,548879146575928;8,430429444384218;23,0;23,0;26,8;0,0
380;;;;;;;;;;;;;;;;;;;;;;;;1;nan;;8,430429444384218;23,0;23,0;26,8;0,0
381;100000,0;2,0;0,9999999999999999;2,0;28,0;3,0;2,0;0,0;0,0;2,0;5,551115123125783e-17;49961,0;48856,0;49899,0;53407,0;51951,0;53195,0;0,0;1831,0;4339,0;0,0;2083,0;1939,0;1;ok;6,665777683258057;8,430429444384218;23,0;23,0;26,8;0,0
382;;;;;;;;;;;;;;;;;;;;;;;;1;nan;;8,430429444384218;23,0;23,0;26,8;0,0
383;;;;;;;;;;;;;;;;;;;;;;;;1;nan;;8,430429444384218;23,0;23,0;26,8;0,0
384;110000,0;2,0;2,0;1,0;46,0;0,0;0,0;0,0;0,0;0,0;5,551115123125783e-17;110950,0;111750,0;111227,0;110849,0;110575,0;110394,0;4088,0;3912,0;3888,0;3975,0;4162,0;3945,0;1;ok;8,756702423095703;8,430429444384218;23,0;23,0;26,8;0,0
385;60000,0;2,0;2,0;2,0;24,0;0,9999999999999999;2,0;3,0000000000000004;3,0;2,0;2,0;44238,0;47076,0;48871,0;47669,0;48135,0;50056,0;4000,0;3000,0;0,0;1500,0;3000,0;2750,0000000000005;0;ok;7,36021089553833;8,430429444384218;23,0;23,0;26,8;0,0
386;;;;;;;;;;;;;;;;;;;;;;;;1;nan;;8,430429444384218;23,0;23,0;26,8;0,0
387;;;;;;;;;;;;;;;;;;;;;;;;1;nan;;8,430429444384218;23,0;23,0;26,8;0,0
388;;;;;;;;;;;;;;;;;;;;;;;;1;nan;;8,430429444384218;23,0;23,0;26,8;0,0
389;20000,0;1,0;2,0;2,0;25,0;0,0;0,0;0,0;0,0;0,0;5,551115123125783e-17;17286,0;18199,0;18559,0;19068,0;19053,0;16500,0;1594,0;1344,0;1243,0;617,9999999999995;579,0;778,0;1;ok;6,697176456451416;8,430429444384218;23,0;23,0;26,8;0,0
390;;;;;;;;;;;;;;;;;;;;;;;;1;nan;;8,430429444384218;23,0;23,0;26,8;0,0
391;;;;;;;;;;;;;;;;;;;;;;;;1;nan;;8,430429444384218;23,0;23,0;26,8;0,0
392;;;;;;;;;;;;;;;;;;;;;;;;1;nan;;8,430429444384218;23,0;23,0;26,8;0,0
393;;;;;;;;;;;;;;;;;;;;;;;;1;nan;;8,430429444384218;23,0;23,0;26,8;0,0
394;240000,0;2,0;2,0;1,0;56,0;2,0;2,0;-2,0;-2,0;-2,0;-2,0;2500,0;0,0;0,0;0,0;0,0;0,0;0,0;0,0;0,0;0,0;0,0;0,0;1;ok;9,080839157104492;8,430429444384218;23,0;23,0;26,8;0,0
395;;;;;;;;;;;;;;;;;;;;;;;;1;nan;;8,430429444384218;23,0;23,0;26,8;0,0
396;;;;;;;;;;;;;;;;;;;;;;;;1;nan;;8,430429444384218;23,0;23,0;26,8;0,0
397;150000,0;2,0;2,0;1,0;34,0;0,9999999999999999;2,0;1,9999999999999998;0,0;0,0;5,551115123125783e-17;147833,0;148066,0;142163,0;135075,0;135309,0;135165,0;6130,0;27,0;4610,0;5000,0;5000,0;3760,0;0;ok;9,98270320892334;8,430429444384218;23,0;23,0;26,8;0,0
398;;;;;;;;;;;;;;;;;;;;;;;;1;nan;;8,430429444384218;23,0;23,0;26,8;0,0
399;;;;;;;;;;;;;;;;;;;;;;;;1;nan;;8,430429444384218;23,0;23,0;26,8;0,0
400;;;;;;;;;;;;;;;;;;;;;;;;1;nan;;8,430429444384218;23,0;23,0;26,8;0,0
401;;;;;;;;;;;;;;;;;;;;;;;;1;nan;;8,430429444384218;23,0;23,0;26,8;0,0
402;80000,0;2,0;2,0;2,0;22,0;2,0;2,0;0,0;0,0;0,0;5,551115123125783e-17;53023,0;76708,0;39701,0;41021,0;41525,0;42394,0;0,0;3320,0;1980,0;1484,0;1536,0;1548,0;1;ok;7,14116096496582;8,430429444384218;23,0;23,0;26,8;0,0
403;;;;;;;;;;;;;;;;;;;;;;;;0;nan;;8,430429444384218;23,0;23,0;26,8;0,0
404;20000,0;1,0;2,0;2,0;25,0;0,0;0,0;0,0;0,0;0,0;5,551115123125783e-17;17286,0;18199,0;18559,0;19068,0;19053,0;16500,0;1594,0;1344,0;1243,0;617,9999999999995;579,0;778,0;1;ok;6,722820281982422;8,430429444384218;23,0;23,0;26,8;0,0
405;;;;;;;;;;;;;;;;;;;;;;;;1;nan;;8,430429444384218;23,0;23,0;26,8;0,0
406;80000,0;1,0;2,0;2,0;25,0;-1,0;2,0;-1,0;0,0;-1,0;5,551115123125783e-17;832,0;416,0;832,0;416,0;832,0;416,0;0,0;832,0;0,0;832,0;0,0;416,0;1;ok;6,872929573059082;8,430429444384218;23,0;23,0;26,8;0,0
407;;;;;;;;;;;;;;;;;;;;;;;;1;nan;;8,430429444384218;23,0;23,0;26,8;0,0
408;;;;;;;;;;;;;;;;;;;;;;;;1;nan;;8,430429444384218;23,0;23,0;26,8;0,0
409;;;;;;;;;;;;;;;;;;;;;;;;0;nan;;8,430429444384218;23,0;23,0;26,8;0,0
410;;;;;;;;;;;;;;;;;;;;;;;;1;nan;;8,430429444384218;23,0;23,0;26,8;0,0
411;;;;;;;;;;;;;;;;;;;;;;;;0;nan;;8,430429444384218;23,0;23,0;26,8;0,0
412;;;;;;;;;;;;;;;;;;;;;;;;1;nan;;8,430429444384218;23,0;23,0;26,8;0,0
413;;;;;;;;;;;;;;;;;;;;;;;;1;nan;;8,430429444384218;23,0;23,0;26,8;0,0
414;;;;;;;;;;;;;;;;;;;;;;;;1;nan;;8,430429444384218;23,0;23,0;26,8;0,0
415;;;;;;;;;;;;;;;;;;;;;;;;0;nan;;8,430429444384218;23,0;23,0;26,8;0,0
416;;;;;;;;;;;;;;;;;;;;;;;;1;nan;;8,430429444384218;23,0;23,0;26,8;0,0
417;50000,0;2,0;2,0;1,0;34,0;2,0;2,0;1,9999999999999998;2,0;2,0;2,0;43664,0;44654,0;45650,0;46320,0;45290,0;48322,0;2000,0;2000,0;1700,0;0,0;3760,0;1700,0;0;ok;4,95078706741333;8,430429444384218;23,0;23,0;26,8;0,0
418;;;;;;;;;;;;;;;;;;;;;;;;1;nan;;8,430429444384218;23,0;23,0;26,8;0,0
419;;;;;;;;;;;;;;;;;;;;;;;;0;nan;;8,430429444384218;23,0;23,0;26,8;0,0
420;;;;;;;;;;;;;;;;;;;;;;;;1;nan;;8,430429444384218;23,0;23,0;26,8;0,0
421;;;;;;;;;;;;;;;;;;;;;;;;0;nan;;8,430429444384218;23,0;23,0;26,8;0,0
422;;;;;;;;;;;;;;;;;;;;;;;;0;nan;;8,430429444384218;23,0;23,0;26,8;0,0
423;;;;;;;;;;;;;;;;;;;;;;;;1;nan;;8,430429444384218;23,0;23,0;26,8;0,0
424;;;;;;;;;;;;;;;;;;;;;;;;1;nan;;8,430429444384218;23,0;23,0;26,8;0,0
425;;;;;;;;;;;;;;;;;;;;;;;;1;nan;;8,430429444384218;23,0;23,0;26,8;0,0
426;;;;;;;;;;;;;;;;;;;;;;;;1;nan;;8,430429444384218;23,0;23,0;26,8;0,0
427;;;;;;;;;;;;;;;;;;;;;;;;1;nan;;8,430429444384218;23,0;23,0;26,8;0,0
428;;;;;;;;;;;;;;;;;;;;;;;;1;nan;;8,430429444384218;23,0;23,0;26,8;0,0
429;;;;;;;;;;;;;;;;;;;;;;;;0;nan;;8,430429444384218;23,0;23,0;26,8;0,0
430;;;;;;;;;;;;;;;;;;;;;;;;1;nan;;8,430429444384218;23,0;23,0;26,8;0,0
431;210000,0;1,0;3,0;1,0;29,0;0,9999999999999999;2,0;0,0;0,0;0,0;5,551115123125783e-17;198510,0;194040,0;199393,0;194538,0;195990,0;194136,0;0,0;10000,0;7000,0;8000,0;8000,0;7200,0;0;ok;13,004932403564453;8,430429444384218;23,0;23,0;26,8;0,0
432;;;;;;;;;;;;;;;;;;;;;;;;1;nan;;8,430429444384218;23,0;23,0;26,8;0,0
433;;;;;;;;;;;;;;;;;;;;;;;;1;nan;;8,430429444384218;23,0;23,0;26,8;0,0
434;;;;;;;;;;;;;;;;;;;;;;;;1;nan;;8,430429444384218;23,0;23,0;26,8;0,0
435;;;;;;;;;;;;;;;;;;;;;;;;1;nan;;8,430429444384218;23,0;23,0;26,8;0,0
436;;;;;;;;;;;;;;;;;;;;;;;;1;nan;;8,430429444384218;23,0;23,0;26,8;0,0
437;;;;;;;;;;;;;;;;;;;;;;;;1;nan;;8,430429444384218;23,0;23,0;26,8;0,0
438;500000,0;2,0;0,9999999999999999;1,0;36,0;-2,0;-2,0;-2,0;-2,0;-2,0;-2,0;8561,0;682,0;15714,0;5390,0;43386,0;0,0;1364,0;15714,0;5390,0;43386,0;0,0;0,0;1;ok;12,006892204284668;8,430429444384218;23,0;23,0;26,8;0,0
439;;;;;;;;;;;;;;;;;;;;;;;;1;nan;;8,430429444384218;23,0;23,0;26,8;0,0
440;;;;;;;;;;;;;;;;;;;;;;;;1;nan;;8,430429444384218;23,0;23,0;26,8;0,0
441;240000,0;2,0;2,0;1,0;56,0;2,0;2,0;-2,0;-2,0;-2,0;-2,0;2500,0;0,0;0,0;0,0;0,0;0,0;0,0;0,0;0,0;0,0;0,0;0,0;0;ok;8,930051803588867;8,430429444384218;23,0;23,0;26,8;0,0
442;;;;;;;;;;;;;;;;;;;;;;;;1;nan;;8,430429444384218;23,0;23,0;26,8;0,0
443;;;;;;;;;;;;;;;;;;;;;;;;1;nan;;8,430429444384218;23,0;23,0;26,8;0,0
444;360000,0;2,0;2,0;2,0;28,0;-2,0;-2,0;-2,0;-2,0;-2,0;-2,0;0,0;0,0;0,0;0,0;0,0;0,0;0,0;0,0;0,0;0,0;0,0;0,0;1;ok;6,344237327575684;8,430429444384218;23,0;23,0;26,8;0,0
445;;;;;;;;;;;;;;;;;;;;;;;;1;nan;;8,430429444384218;23,0;23,0;26,8;0,0
446;;;;;;;;;;;;;;;;;;;;;;;;1;nan;;8,430429444384218;23,0;23,0;26,8;0,0
447;80000,0;1,0;2,0;2,0;25,0;-1,0;2,0;-1,0;0,0;-1,0;5,551115123125783e-17;832,0;416,0;832,0;416,0;832,0;416,0;0,0;832,0;0,0;832,0;0,0;416,0;1;ok;4,531711101531982;8,430429444384218;23,0;23,0;26,8;0,0
448;;;;;;;;;;;;;;;;;;;;;;;;0;nan;;8,430429444384218;23,0;23,0;26,8;0,0
449;20000,0;2,0;3,0;1,0;51,0;0,0;0,0;0,0;-2,0;-2,0;-2,0;19255,0;20650,0;0,0;0,0;0,0;0,0;2000,0;0,0;0,0;0,0;0,0;0,0;1;ok;8,388466835021973;8,430429444384218;23,0;23,0;26,8;0,0
450;;;;;;;;;;;;;;;;;;;;;;;;1;nan;;8,430429444384218;23,0;23,0;26,8;0,0
451;80000,0;1,0;2,0;2,0;25,0;-1,0;2,0;-1,0;0,0;-1,0;5,551115123125783e-17;832,0;416,0;832,0;416,0;832,0;416,0;0,0;832,0;0,0;832,0;0,0;416,0;0;ok;8,571000099182129;8,430429444384218;23,0;23,0;26,8;0,0
452;;;;;;;;;;;;;;;;;;;;;;;;1;nan;;8,430429444384218;23,0;23,0;26,8;0,0
453;;;;;;;;;;;;;;;;;;;;;;;;1;nan;;8,430429444384218;23,0;23,0;26,8;0,0
454;;;;;;;;;;;;;;;;;;;;;;;;1;nan;;8,430429444384218;23,0;23,0;26,8;0,0
455;30000,0;2,0;2,0;1,0;25,0;0,9999999999999999;2,0;0,0;0,0;0,0;5,551115123125783e-17;30347,0;28517,0;29709,0;29833,0;29306,0;29348,0;0,0;1800,0;1000,0;1041,0;1137,9999999999995;932,0;0;ok;6,921751976013184;8,430429444384218;23,0;23,0;26,8;0,0
456;;;;;;;;;;;;;;;;;;;;;;;;1;nan;;8,430429444384218;23,0;23,0;26,8;0,0
457;30000,0;2,0;3,0;1,0;43,0;0,9999999999999999;2,0;1,9999999999999998;2,0;2,0;2,0;12603,0;13103,0;13785,0;13911,0;13548,0;14465,0;1000,0;1200,0;646,0;0,0;1300,0;1000,0;0;ok;9,717878341674805;8,430429444384218;23,0;23,0;26,8;0,0
458;150000,0;2,0;0,9999999999999999;2,0;29,0;-1,0;-1,0;-1,0;0,0;0,0;5,551115123125783e-17;2356,0;16836,0;1094,0;6382,0;5288,0;5288,0;16836,0;2000,0;5288,0;0,0;0,0;0,0;1;ok;7,92115592956543;8,430429444384218;23,0;23,0;26,8;0,0
459;;;;;;;;;;;;;;;;;;;;;;;;1;nan;;8,430429444384218;23,0;23,0;26,8;0,0
460;500000,0;2,0;0,9999999999999999;1,0;36,0;-2,0;-2,0;-2,0;-2,0;-2,0;-2,0;8561,0;682,0;15714,0;5390,0;43386,0;0,0;1364,0;15714,0;5390,0;43386,0;0,0;0,0;1;ok;8,884145736694336;8,430429444384218;23,0;23,0;26,8;0,0
461;;;;;;;;;;;;;;;;;;;;;;;;0;nan;;8,430429444384218;23,0;23,0;26,8;0,0
462;;;;;;;;;;;;;;;;;;;;;;;;0;nan;;8,430429444384218;23,0;23,0;26,8;0,0
463;;;;;;;;;;;;;;;;;;;;;;;;1;nan;;8,430429444384218;23,0;23,0;26,8;0,0
464;;;;;;;;;;;;;;;;;;;;;;;;1;nan;;8,430429444384218;23,0;23,0;26,8;0,0
465;;;;;;;;;;;;;;;;;;;;;;;;1;nan;;8,430429444384218;23,0;23,0;26,8;0,0
466;;;;;;;;;;;;;;;;;;;;;;;;1;nan;;8,430429444384218;23,0;23,0;26,8;0,0
467;;;;;;;;;;;;;;;;;;;;;;;;0;nan;;8,430429444384218;23,0;23,0;26,8;0,0
468;;;;;;;;;;;;;;;;;;;;;;;;0;nan;;8,430429444384218;23,0;23,0;26,8;0,0
469;20000,0;2,0;2,0;1,0;37,0;0,0;0,0;0,0;0,0;0,0;-2,0;17312,0;17762,0;18814,0;19614,0;0,0;0,0;1500,0;1500,0;1000,0;0,0;0,0;0,0;1;ok;7,379147052764893;8,430429444384218;23,0;23,0;26,8;0,0
470;;;;;;;;;;;;;;;;;;;;;;;;1;nan;;8,430429444384218;23,0;23,0;26,8;0,0
471;;;;;;;;;;;;;;;;;;;;;;;;1;nan;;8,430429444384218;23,0;23,0;26,8;0,0
472;160000,0;2,0;2,0;2,0;27,0;0,9999999999999999;2,0;0,0;0,0;0,0;5,551115123125783e-17;156506,0;157177,0;157804,0;157478,0;156098,0;156659,0;7000,0;6000,0;7217,0;6000,0;6000,0;6000,0;0;ok;8,682653427124023;8,430429444384218;23,0;23,0;26,8;0,0
473;;;;;;;;;;;;;;;;;;;;;;;;1;nan;;8,430429444384218;23,0;23,0;26,8;0,0
474;50000,0;2,0;3,0;1,0;53,0;0,9999999999999999;-2,0;-2,0;-2,0;-2,0;-2,0;0,0;0,0;0,0;0,0;0,0;0,0;0,0;0,0;0,0;0,0;0,0;0,0;1;ok;7,654516696929932;8,430429444384218;23,0;23,0;26,8;0,0
475;;;;;;;;;;;;;;;;;;;;;;;;1;nan;;8,430429444384218;23,0;23,0;26,8;0,0
476;;;;;;;;;;;;;;;;;;;;;;;;1;nan;;8,430429444384218;23,0;23,0;26,8;0,0
477;120000,0;1,0;2,0;2,0;28,0;-1,0;-1,0;-1,0;-1,0;-1,0;-1,0;4310,0;3905,0;2411,0;1925,0;2943,0;6249,0;3905,0;2411,0;1925,0;2943,0;6249,0;1780,0;1;ok;7,340900897979736;8,430429444384218;23,0;23,0;26,8;0,0
478;180000,0;1,0;2,0;1,0;41,0;-1,0;-1,0;-1,0;-1,0;-1,0;-1,0;859,0;1811,0;1335,0;366,0;1811,0;1828,0;1811,0000000000005;1335,0;366,0;1811,0;1828,0;366,0;1;ok;6,42845344543457;8,430429444384218;23,0;23,0;26,8;0,0
479;;;;;;;;;;;;;;;;;;;;;;;;1;nan;;8,430429444384218;23,0;23,0;26,8;0,0
480;;;;;;;;;;;;;;;;;;;;;;;;0;nan;;8,430429444384218;23,0;23,0;26,8;0,0
481;;;;;;;;;;;;;;;;;;;;;;;;1;nan;;8,430429444384218;23,0;23,0;26,8;0,0
482;;;;;;;;;;;;;;;;;;;;;;;;1;nan;;8,430429444384218;23,0;23,0;26,8;0,0
483;130000,0;2,0;0,9999999999999999;1,0;46,0;0,0;0,0;0,0;0,0;0,0;5,551115123125783e-17;147582,0;138996,0;140558,0;90522,0;90917,0;92330,0;5394,0;4229,0;3211,0;3297,0;3312,0;3381,0;1;ok;11,130574226379395;8,430429444384218;23,0;23,0;26,8;0,0
484;;;;;;;;;;;;;;;;;;;;;;;;1;nan;;8,430429444384218;23,0;23,0;26,8;0,0
485;360000,0;2,0;2,0;2,0;41,0;0,0;0,0;0,0;0,0;0,0;5,551115123125783e-17;352538,0;360648,0;339204,0;282520,0;290521,0;27792,0;14152,0;15000,0;15000,0;15004,0;5071,0;5168,0;1;ok;16,439590454101562;8,430429444384218;23,0;23,0;26,8;0,0
486;50000,0;2,0;3,0;1,0;48,0;-1,0;-1,0;1,9999999999999998;-1,0;-1,0;5,551115123125783e-17;2896,0;1360,0;812,0;4012,0;28672,0;28875,0;1500,0;500,0;4100,0;28800,0;1011,0;1041,0;0;ok;8,908069610595703;8,430429444384218;23,0;23,0;26,8;0,0
487;;;;;;;;;;;;;;;;;;;;;;;;1;nan;;8,430429444384218;23,0;23,0;26,8;0,0
488;80000,0;1,0;2,0;1,0;29,0;0,0;0,0;0,0;0,0;0,0;5,551115123125783e-17;78265,0;79364,0;73622,0;75092,0;75976,0;77511,0;3070,0;2623,0;2644,0;2743,0;2783,0;2909,0;1;ok;7,078892707824707;8,430429444384218;23,0;23,0;26,8;0,0
489;110000,0;1,0;2,0;1,0;37,0;0,0;0,0;1,9999999999999998;2,0;0,0;5,551115123125783e-17;111864,0;112112,0;114367,0;111064,0;112123,0;111575,0;11000,0;5500,0;0,0;4400,0;4500,0;4200,0;0;ok;9,89084529876709;8,430429444384218;23,0;23,0;26,8;0,0
490;240000,0;1,0;2,0;1,0;48,0;0,0;-1,0;-1,0;-2,0;-1,0;-1,0;3972,0;783,0;0,0;0,0;3853,0;29252,0;783,0;0,0;0,0;3853,0;29252,0;16747,0;1;ok;11,893749237060547;8,430429444384218;23,0;23,0;26,8;0,0
491;;;;;;;;;;;;;;;;;;;;;;;;0;nan;;8,430429444384218;23,0;23,0;26,8;0,0
492;;;;;;;;;;;;;;;;;;;;;;;;1;nan;;8,430429444384218;23,0;23,0;26,8;0,0
493;;;;;;;;;;;;;;;;;;;;;;;;1;nan;;8,430429444384218;23,0;23,0;26,8;0,0
494;;;;;;;;;;;;;;;;;;;;;;;;1;nan;;8,430429444384218;23,0;23,0;26,8;0,0
495;240000,0;1,0;2,0;1,0;48,0;0,0;-1,0;-1,0;-2,0;-1,0;-1,0;3972,0;783,0;0,0;0,0;3853,0;29252,0;783,0;0,0;0,0;3853,0;29252,0;16747,0;1;ok;10,595199584960938;8,430429444384218;23,0;23,0;26,8;0,0
496;;;;;;;;;;;;;;;;;;;;;;;;1;nan;;8,430429444384218;23,0;23,0;26,8;0,0
497;;;;;;;;;;;;;;;;;;;;;;;;1;nan;;8,430429444384218;23,0;23,0;26,8;0,0
498;200000,0;1,0;2,0;2,0;36,0;0,0;0,0;0,0;0,0;0,0;5,551115123125783e-17;99483,0;97546,0;98897,0;94943,0;96967,0;99016,0;4841,0;4300,0;3300,0;3361,0;3500,0;3206,0;1;ok;7,025620460510254;8,430429444384218;23,0;23,0;26,8;0,0
499;;;;;;;;;;;;;;;;;;;;;;;;1;nan;;8,430429444384218;23,0;23,0;26,8;0,0
