;age;job;marital;education;default;balance;housing;loan;contact;day_of_week;month;duration;campaign;pdays;previous;poutcome;y;predict;euclidean;euclidean_medio;hamming;hamming_medio;cobertura_pct;erro_pct
0;;;;;;;;;;;;;;;;;1;nan;;8,331288801112645;16,0;16,0;28,4;0,0
1;;;;;;;;;;;;;;;;;1;nan;;8,331288801112645;16,0;16,0;28,4;0,0
2;;;;;;;;;;;;;;;;;1;nan;;8,331288801112645;16,0;16,0;28,4;0,0
3;;;;;;;;;;;;;;;;;1;nan;;8,331288801112645;16,0;16,0;28,4;0,0
4;57,0;5,0;1,0;2,0;0,0;1458,0;0,0;0,0;0,0;19,0;1,0;250,0;1,0;107,0;5,0;0,0;0;ok;8,116154670715332;8,331288801112645;16,0;16,0;28,4;0,0
5;;;;;;;;;;;;;;;;;1;nan;;8,331288801112645;16,0;16,0;28,4;0,0
6;;;;;;;;;;;;;;;;;1;nan;;8,331288801112645;16,0;16,0;28,4;0,0
7;32,0;4,0;1,0;2,0;0,0;937,0;0,0;0,0;0,0;26,0;8,0;61,0;1,0;190,0;1,0;0,0;1;ok;7,614280700683594;8,331288801112645;16,0;16,0;28,4;0,0
8;33,0;7,0;1,0;1,0;0,0;386,0;0,0;0,0;0,0;12,0;9,0;253,0;1,0;92,0;4,0;0,0;0;ok;6,8739333152771;8,331288801112645;16,0;16,0;28,4;0,0
9;52,0;1,0;0,0;0,0;0,0;3990,0;0,0;0,0;0,0;19,0;9,0;1548,0;1,0;153,0;1,0;1,0;1;ok;9,01384162902832;8,331288801112645;16,0;16,0;28,4;0,0
10;37,0;10,0;1,0;1,0;0,0;2424,0;0,0;0,0;0,0;20,0;9,0;633,0;2,0;156,0;2,0;1,0;0;ok;7,5741400718688965;8,331288801112645;16,0;16,0;28,4;0,0
11;;;;;;;;;;;;;;;;;1;nan;;8,331288801112645;16,0;16,0;28,4;0,0
12;38,0;10,0;1,0;0,0;0,0;7005,0;1,0;0,0;0,0;7,0;5,0;370,0;1,0;412,0;1,0;0,0;1;ok;6,902229309082031;8,331288801112645;16,0;16,0;28,4;0,0
13;;;;;;;;;;;;;;;;;1;nan;;8,331288801112645;16,0;16,0;28,4;0,0
14;;;;;;;;;;;;;;;;;1;nan;;8,331288801112645;16,0;16,0;28,4;0,0
15;;;;;;;;;;;;;;;;;1;nan;;8,331288801112645;16,0;16,0;28,4;0,0
16;;;;;;;;;;;;;;;;;1;nan;;8,331288801112645;16,0;16,0;28,4;0,0
17;29,0;7,0;2,0;1,0;0,0;102,0;0,0;0,0;0,0;12,0;5,0;154,0;1,0;182,0;5,0;0,0;1;ok;5,615897178649902;8,331288801112645;16,0;16,0;28,4;0,0
18;;;;;;;;;;;;;;;;;1;nan;;8,331288801112645;16,0;16,0;28,4;0,0
19;;;;;;;;;;;;;;;;;1;nan;;8,331288801112645;16,0;16,0;28,4;0,0
20;;;;;;;;;;;;;;;;;1;nan;;8,331288801112645;16,0;16,0;28,4;0,0
21;;;;;;;;;;;;;;;;;1;nan;;8,331288801112645;16,0;16,0;28,4;0,0
22;;;;;;;;;;;;;;;;;1;nan;;8,331288801112645;16,0;16,0;28,4;0,0
23;;;;;;;;;;;;;;;;;1;nan;;8,331288801112645;16,0;16,0;28,4;0,0
24;;;;;;;;;;;;;;;;;1;nan;;8,331288801112645;16,0;16,0;28,4;0,0
25;;;;;;;;;;;;;;;;;1;nan;;8,331288801112645;16,0;16,0;28,4;0,0
26;;;;;;;;;;;;;;;;;1;nan;;8,331288801112645;16,0;16,0;28,4;0,0
27;;;;;;;;;;;;;;;;;1;nan;;8,331288801112645;16,0;16,0;28,4;0,0
28;;;;;;;;;;;;;;;;;1;nan;;8,331288801112645;16,0;16,0;28,4;0,0
29;29,0;4,0;2,0;2,0;0,0;92,0;0,0;0,0;0,0;2,0;6,0;101,0;1,0;92,0;5,0;2,0;0;ok;6,841602802276611;8,331288801112645;16,0;16,0;28,4;0,0
30;59,0;0,0;1,0;1,0;0,0;3735,0;0,0;0,0;0,0;18,0;7,0;203,0;4,0;121,0;2,0;0,0;1;ok;8,613036155700684;8,331288801112645;16,0;16,0;28,4;0,0
31;;;;;;;;;;;;;;;;;1;nan;;8,331288801112645;16,0;16,0;28,4;0,0
32;;;;;;;;;;;;;;;;;0;nan;;8,331288801112645;16,0;16,0;28,4;0,0
33;34,0;0,0;0,0;1,0;0,0;479,0;1,0;0,0;0,0;12,0;8,0;515,0;1,0;350,0;5,0;0,0;1;ok;7,563502788543701;8,331288801112645;16,0;16,0;28,4;0,0
34;;;;;;;;;;;;;;;;;1;nan;;8,331288801112645;16,0;16,0;28,4;0,0
35;;;;;;;;;;;;;;;;;1;nan;;8,331288801112645;16,0;16,0;28,4;0,0
36;;;;;;;;;;;;;;;;;1;nan;;8,331288801112645;16,0;16,0;28,4;0,0
37;;;;;;;;;;;;;;;;;1;nan;;8,331288801112645;16,0;16,0;28,4;0,0
38;;;;;;;;;;;;;;;;;1;nan;;8,331288801112645;16,0;16,0;28,4;0,0
39;;;;;;;;;;;;;;;;;1;nan;;8,331288801112645;16,0;16,0;28,4;0,0
40;32,0;1,0;1,0;1,0;0,0;10287,0;1,0;0,0;0,0;27,0;8,0;281,0;4,0;188,0;1,0;0,0;1;ok;7,331320285797119;8,331288801112645;16,0;16,0;28,4;0,0
41;;;;;;;;;;;;;;;;;1;nan;;8,331288801112645;16,0;16,0;28,4;0,0
42;33,0;4,0;2,0;2,0;0,0;2465,0;0,0;0,0;0,0;16,0;9,0;139,0;2,0;95,00000000000001;1,0;2,0;0;ok;6,9823760986328125;8,331288801112645;16,0;16,0;28,4;0,0
43;;;;;;;;;;;;;;;;;1;nan;;8,331288801112645;16,0;16,0;28,4;0,0
44;48,0;1,0;1,0;1,0;0,0;480,0;1,0;0,0;0,0;15,0;8,0;830,0;1,0;352,0;2,0;0,0;1;ok;8,502507209777832;8,331288801112645;16,0;16,0;28,4;0,0
45;;;;;;;;;;;;;;;;;0;nan;;8,331288801112645;16,0;16,0;28,4;0,0
46;;;;;;;;;;;;;;;;;1;nan;;8,331288801112645;16,0;16,0;28,4;0,0
47;;;;;;;;;;;;;;;;;1;nan;;8,331288801112645;16,0;16,0;28,4;0,0
48;;;;;;;;;;;;;;;;;1;nan;;8,331288801112645;16,0;16,0;28,4;0,0
49;;;;;;;;;;;;;;;;;1;nan;;8,331288801112645;16,0;16,0;28,4;0,0
50;;;;;;;;;;;;;;;;;0;nan;;8,331288801112645;16,0;16,0;28,4;0,0
51;47,0;4,0;0,0;2,0;0,0;428,0;1,0;0,0;0,0;18,0;9,0;116,0;1,0;167,0;1,0;1,0;1;ok;7,073916435241699;8,331288801112645;16,0;16,0;28,4;0,0
52;;;;;;;;;;;;;;;;;1;nan;;8,331288801112645;16,0;16,0;28,4;0,0
53;;;;;;;;;;;;;;;;;1;nan;;8,331288801112645;16,0;16,0;28,4;0,0
54;;;;;;;;;;;;;;;;;1;nan;;8,331288801112645;16,0;16,0;28,4;0,0
55;;;;;;;;;;;;;;;;;1;nan;;8,331288801112645;16,0;16,0;28,4;0,0
56;;;;;;;;;;;;;;;;;1;nan;;8,331288801112645;16,0;16,0;28,4;0,0
57;42,0;2,0;1,0;1,0;0,0;706,9999999999999;0,0;0,0;0,0;1,0;6,0;233,0;1,0;348,0;1,0;2,0;0;ok;6,50778341293335;8,331288801112645;16,0;16,0;28,4;0,0
58;;;;;;;;;;;;;;;;;1;nan;;8,331288801112645;16,0;16,0;28,4;0,0
59;;;;;;;;;;;;;;;;;1;nan;;8,331288801112645;16,0;16,0;28,4;0,0
60;;;;;;;;;;;;;;;;;1;nan;;8,331288801112645;16,0;16,0;28,4;0,0
61;59,0;0,0;1,0;1,0;0,0;3735,0;0,0;0,0;0,0;18,0;7,0;203,0;4,0;121,0;2,0;0,0;1;ok;9,140349388122559;8,331288801112645;16,0;16,0;28,4;0,0
62;;;;;;;;;;;;;;;;;1;nan;;8,331288801112645;16,0;16,0;28,4;0,0
63;59,0;0,0;1,0;1,0;0,0;3735,0;0,0;0,0;0,0;18,0;7,0;203,0;4,0;121,0;2,0;0,0;1;ok;12,556129455566406;8,331288801112645;16,0;16,0;28,4;0,0
64;;;;;;;;;;;;;;;;;1;nan;;8,331288801112645;16,0;16,0;28,4;0,0
65;;;;;;;;;;;;;;;;;1;nan;;8,331288801112645;16,0;16,0;28,4;0,0
66;34,0;0,0;0,0;1,0;0,0;479,0;1,0;0,0;0,0;12,0;8,0;515,0;1,0;350,0;5,0;0,0;1;ok;7,614023685455322;8,331288801112645;16,0;16,0;28,4;0,0
67;;;;;;;;;;;;;;;;;1;nan;;8,331288801112645;16,0;16,0;28,4;0,0
68;47,0;3,0;2,0;2,0;0,0;3232,0;0,0;0,0;1,0;6,0;10,0;541,0;1,0;204,0;3,0;0,0;1;ok;10,669246673583984;8,331288801112645;16,0;16,0;28,4;0,0
69;37,0;1,0;1,0;1,0;0,0;0,0;1,0;0,0;0,0;21,0;9,0;169,0;1,0;113,0;5,0;1,0;1;ok;6,420090675354004;8,331288801112645;16,0;16,0;28,4;0,0
70;;;;;;;;;;;;;;;;;1;nan;;8,331288801112645;16,0;16,0;28,4;0,0
71;;;;;;;;;;;;;;;;;0;nan;;8,331288801112645;16,0;16,0;28,4;0,0
72;56,0;5,0;1,0;2,0;0,0;839,0;0,0;1,0;0,0;18,0;9,0;630,0;1,0;187,0;2,0;1,0;0;ok;9,757186889648438;8,331288801112645;16,0;16,0;28,4;0,0
73;;;;;;;;;;;;;;;;;1;nan;;8,331288801112645;16,0;16,0;28,4;0,0
74;;;;;;;;;;;;;;;;;1;nan;;8,331288801112645;16,0;16,0;28,4;0,0
75;52,0;1,0;1,0;1,0;0,0;568,0;1,0;0,0;1,0;17,0;0,0;246,0;1,0;317,0;1,0;0,0;0;ok;9,814509391784668;8,331288801112645;16,0;16,0;28,4;0,0
76;;;;;;;;;;;;;;;;;1;nan;;8,331288801112645;16,0;16,0;28,4;0,0
77;;;;;;;;;;;;;;;;;0;nan;;8,331288801112645;16,0;16,0;28,4;0,0
78;;;;;;;;;;;;;;;;;1;nan;;8,331288801112645;16,0;16,0;28,4;0,0
79;;;;;;;;;;;;;;;;;1;nan;;8,331288801112645;16,0;16,0;28,4;0,0
80;34,0;9,0;1,0;1,0;0,0;0,0;1,0;0,0;0,0;3,0;1,0;261,0;1,0;470,0;2,0;0,0;1;ok;6,816389560699463;8,331288801112645;16,0;16,0;28,4;0,0
81;55,0;10,0;0,0;0,0;0,0;-53,0;0,0;0,0;1,0;3,0;3,0;225,0;4,0;6,0;3,0;1,0;0;ok;8,833949089050293;8,331288801112645;16,0;16,0;28,4;0,0
82;;;;;;;;;;;;;;;;;1;nan;;8,331288801112645;16,0;16,0;28,4;0,0
83;48,0;1,0;1,0;1,0;0,0;480,0;1,0;0,0;0,0;15,0;8,0;830,0;1,0;352,0;2,0;0,0;1;ok;7,407558441162109;8,331288801112645;16,0;16,0;28,4;0,0
84;;;;;;;;;;;;;;;;;1;nan;;8,331288801112645;16,0;16,0;28,4;0,0
85;;;;;;;;;;;;;;;;;1;nan;;8,331288801112645;16,0;16,0;28,4;0,0
86;32,0;1,0;1,0;1,0;0,0;10287,0;1,0;0,0;0,0;27,0;8,0;281,0;4,0;188,0;1,0;0,0;0;ok;7,780311107635498;8,331288801112645;16,0;16,0;28,4;0,0
87;;;;;;;;;;;;;;;;;1;nan;;8,331288801112645;16,0;16,0;28,4;0,0
88;;;;;;;;;;;;;;;;;0;nan;;8,331288801112645;16,0;16,0;28,4;0,0
89;75,0;5,0;1,0;0,0;0,0;1765,0;0,0;0,0;1,0;14,0;11,0;808,0;1,0;187,0;4,0;0,0;1;ok;12,384860038757324;8,331288801112645;16,0;16,0;28,4;0,0
90;49,0;4,0;1,0;2,0;0,0;5887,0;0,0;0,0;0,0;2,0;6,0;181,0;3,0;293,0;2,0;0,0;1;ok;7,874610424041748;8,331288801112645;16,0;16,0;28,4;0,0
91;;;;;;;;;;;;;;;;;1;nan;;8,331288801112645;16,0;16,0;28,4;0,0
92;;;;;;;;;;;;;;;;;1;nan;;8,331288801112645;16,0;16,0;28,4;0,0
93;61,0;5,0;1,0;2,0;0,0;5267,0;0,0;0,0;0,0;18,0;1,0;212,0;7,0;188,0;3,0;2,0;0;ok;9,679693222045898;8,331288801112645;16,0;16,0;28,4;0,0
94;;;;;;;;;;;;;;;;;1;nan;;8,331288801112645;16,0;16,0;28,4;0,0
95;31,0;9,0;1,0;2,0;0,0;3192,0;1,0;0,0;0,0;7,0;11,0;179,0;1,0;186,0;2,0;0,0;1;ok;6,264481067657471;8,331288801112645;16,0;16,0;28,4;0,0
96;;;;;;;;;;;;;;;;;1;nan;;8,331288801112645;16,0;16,0;28,4;0,0
97;46,0;9,0;1,0;1,0;0,0;9299,0;0,0;0,0;0,0;21,0;10,0;201,0;5,0;94,00000000000001;3,0;2,0;0;ok;13,64372444152832;8,331288801112645;16,0;16,0;28,4;0,0
98;55,0;4,0;2,0;2,0;0,0;-350,0;0,0;0,0;1,0;3,0;3,0;87,0;4,0;6,0;1,0;1,0;1;ok;9,325963973999023;8,331288801112645;16,0;16,0;28,4;0,0
99;50,0;4,0;1,0;2,0;0,0;346,0;0,0;0,0;0,0;4,0;8,0;76,0;2,0;87,0;1,0;2,0;1;ok;6,741448879241943;8,331288801112645;16,0;16,0;28,4;0,0
100;;;;;;;;;;;;;;;;;1;nan;;8,331288801112645;16,0;16,0;28,4;0,0
101;25,0;0,0;2,0;1,0;0,0;507,0;1,0;0,0;0,0;15,0;8,0;832,0;1,0;367,0;3,0;0,0;1;ok;6,924160003662109;8,331288801112645;16,0;16,0;28,4;0,0
102;41,0;10,0;2,0;2,0;0,0;79,0;0,0;0,0;1,0;9,0;9,0;394,0;1,0;390,0;2,0;2,0;0;ok;11,198254585266113;8,331288801112645;16,0;16,0;28,4;0,0
103;;;;;;;;;;;;;;;;;0;nan;;8,331288801112645;16,0;16,0;28,4;0,0
104;;;;;;;;;;;;;;;;;1;nan;;8,331288801112645;16,0;16,0;28,4;0,0
105;54,0;0,0;1,0;1,0;0,0;3729,0;0,0;1,0;0,0;18,0;9,0;597,0;2,0;116,0;1,0;1,0;0;ok;9,67935562133789;8,331288801112645;16,0;16,0;28,4;0,0
106;;;;;;;;;;;;;;;;;1;nan;;8,331288801112645;16,0;16,0;28,4;0,0
107;;;;;;;;;;;;;;;;;1;nan;;8,331288801112645;16,0;16,0;28,4;0,0
108;;;;;;;;;;;;;;;;;1;nan;;8,331288801112645;16,0;16,0;28,4;0,0
109;53,0;0,0;0,0;1,0;0,0;0,0;1,0;1,0;0,0;6,0;1,0;1452,0;1,0;98,00000000000001;2,0;0,0;1;ok;9,235154151916504;8,331288801112645;16,0;16,0;28,4;0,0
110;;;;;;;;;;;;;;;;;1;nan;;8,331288801112645;16,0;16,0;28,4;0,0
111;;;;;;;;;;;;;;;;;1;nan;;8,331288801112645;16,0;16,0;28,4;0,0
112;;;;;;;;;;;;;;;;;1;nan;;8,331288801112645;16,0;16,0;28,4;0,0
113;45,0;0,0;1,0;1,0;1,0;1,0;0,0;0,0;1,0;2,0;3,0;1028,0;2,0;207,0;1,0;1,0;1;ok;17,69418716430664;8,331288801112645;16,0;16,0;28,4;0,0
114;;;;;;;;;;;;;;;;;1;nan;;8,331288801112645;16,0;16,0;28,4;0,0
115;33,0;4,0;2,0;2,0;0,0;131,0;1,0;0,0;0,0;12,0;10,0;209,0;3,0;427,0;2,0;0,0;1;ok;6,789839267730713;8,331288801112645;16,0;16,0;28,4;0,0
116;33,0;0,0;2,0;1,0;0,0;572,0;1,0;0,0;0,0;14,0;0,0;344,0;1,0;74,0;2,0;0,0;1;ok;4,863140106201172;8,331288801112645;16,0;16,0;28,4;0,0
117;28,0;7,0;2,0;1,0;0,0;1347,0;0,0;0,0;1,0;11,0;10,0;317,0;2,0;108,0;14,0;1,0;0;ok;9,811930656433105;8,331288801112645;16,0;16,0;28,4;0,0
118;;;;;;;;;;;;;;;;;1;nan;;8,331288801112645;16,0;16,0;28,4;0,0
119;;;;;;;;;;;;;;;;;1;nan;;8,331288801112645;16,0;16,0;28,4;0,0
120;;;;;;;;;;;;;;;;;1;nan;;8,331288801112645;16,0;16,0;28,4;0,0
121;;;;;;;;;;;;;;;;;0;nan;;8,331288801112645;16,0;16,0;28,4;0,0
122;42,0;9,0;1,0;1,0;0,0;994,0;1,0;0,0;0,0;12,0;9,0;227,0;3,0;92,99999999999999;6,0;2,0;0;ok;8,232099533081055;8,331288801112645;16,0;16,0;28,4;0,0
123;;;;;;;;;;;;;;;;;1;nan;;8,331288801112645;16,0;16,0;28,4;0,0
124;32,0;1,0;1,0;1,0;0,0;10287,0;1,0;0,0;0,0;27,0;8,0;281,0;4,0;188,0;1,0;0,0;1;ok;10,698716163635254;8,331288801112645;16,0;16,0;28,4;0,0
125;;;;;;;;;;;;;;;;;0;nan;;8,331288801112645;16,0;16,0;28,4;0,0
126;;;;;;;;;;;;;;;;;1;nan;;8,331288801112645;16,0;16,0;28,4;0,0
127;;;;;;;;;;;;;;;;;1;nan;;8,331288801112645;16,0;16,0;28,4;0,0
128;;;;;;;;;;;;;;;;;1;nan;;8,331288801112645;16,0;16,0;28,4;0,0
129;;;;;;;;;;;;;;;;;1;nan;;8,331288801112645;16,0;16,0;28,4;0,0
130;;;;;;;;;;;;;;;;;1;nan;;8,331288801112645;16,0;16,0;28,4;0,0
131;;;;;;;;;;;;;;;;;1;nan;;8,331288801112645;16,0;16,0;28,4;0,0
132;40,0;0,0;1,0;2,0;0,0;1108,0;0,0;0,0;0,0;11,0;1,0;170,0;2,0;112,0;1,0;2,0;0;ok;5,92446756362915;8,331288801112645;16,0;16,0;28,4;0,0
133;;;;;;;;;;;;;;;;;1;nan;;8,331288801112645;16,0;16,0;28,4;0,0
134;35,0;1,0;1,0;1,0;0,0;149,0;1,0;0,0;0,0;29,0;0,0;507,0;3,0;349,0;1,0;1,0;1;ok;7,25037145614624;8,331288801112645;16,0;16,0;28,4;0,0
135;45,0;1,0;1,0;1,0;0,0;96,0;1,0;0,0;0,0;13,0;0,0;348,0;3,0;256,0;2,0;0,0;1;ok;10,437724113464355;8,331288801112645;16,0;16,0;28,4;0,0
136;;;;;;;;;;;;;;;;;1;nan;;8,331288801112645;16,0;16,0;28,4;0,0
137;;;;;;;;;;;;;;;;;1;nan;;8,331288801112645;16,0;16,0;28,4;0,0
138;;;;;;;;;;;;;;;;;1;nan;;8,331288801112645;16,0;16,0;28,4;0,0
139;;;;;;;;;;;;;;;;;1;nan;;8,331288801112645;16,0;16,0;28,4;0,0
140;;;;;;;;;;;;;;;;;1;nan;;8,331288801112645;16,0;16,0;28,4;0,0
141;34,0;0,0;0,0;1,0;0,0;479,0;1,0;0,0;0,0;12,0;8,0;515,0;1,0;350,0;5,0;0,0;1;ok;7,56875467300415;8,331288801112645;16,0;16,0;28,4;0,0
142;;;;;;;;;;;;;;;;;1;nan;;8,331288801112645;16,0;16,0;28,4;0,0
143;;;;;;;;;;;;;;;;;1;nan;;8,331288801112645;16,0;16,0;28,4;0,0
144;;;;;;;;;;;;;;;;;0;nan;;8,331288801112645;16,0;16,0;28,4;0,0
145;;;;;;;;;;;;;;;;;1;nan;;8,331288801112645;16,0;16,0;28,4;0,0
146;;;;;;;;;;;;;;;;;1;nan;;8,331288801112645;16,0;16,0;28,4;0,0
147;;;;;;;;;;;;;;;;;1;nan;;8,331288801112645;16,0;16,0;28,4;0,0
148;;;;;;;;;;;;;;;;;1;nan;;8,331288801112645;16,0;16,0;28,4;0,0
149;;;;;;;;;;;;;;;;;1;nan;;8,331288801112645;16,0;16,0;28,4;0,0
150;40,0;0,0;2,0;1,0;0,0;664,0;0,0;0,0;0,0;19,0;9,0;188,0;2,0;121,0;2,0;2,0;0;ok;6,850405216217041;8,331288801112645;16,0;16,0;28,4;0,0
151;41,0;0,0;0,0;1,0;0,0;4,0;1,0;0,0;0,0;5,0;3,0;232,0;1,0;211,0;1,0;0,0;1;ok;6,540257930755615;8,331288801112645;16,0;16,0;28,4;0,0
152;;;;;;;;;;;;;;;;;1;nan;;8,331288801112645;16,0;16,0;28,4;0,0
153;50,0;4,0;1,0;1,0;0,0;2910,0;0,0;0,0;1,0;19,0;9,0;433,0;1,0;113,0;1,0;0,0;0;ok;9,359931945800781;8,331288801112645;16,0;16,0;28,4;0,0
154;;;;;;;;;;;;;;;;;1;nan;;8,331288801112645;16,0;16,0;28,4;0,0
155;;;;;;;;;;;;;;;;;0;nan;;8,331288801112645;16,0;16,0;28,4;0,0
156;33,0;4,0;2,0;2,0;0,0;131,0;1,0;0,0;0,0;12,0;10,0;209,0;3,0;427,0;2,0;0,0;0;ok;7,071350574493408;8,331288801112645;16,0;16,0;28,4;0,0
157;70,0;5,0;0,0;1,0;0,0;6850,0;0,0;0,0;1,0;3,0;11,0;228,0;1,0;182,0;4,0;0,0;1;ok;10,241515159606934;8,331288801112645;16,0;16,0;28,4;0,0
158;;;;;;;;;;;;;;;;;1;nan;;8,331288801112645;16,0;16,0;28,4;0,0
159;;;;;;;;;;;;;;;;;1;nan;;8,331288801112645;16,0;16,0;28,4;0,0
160;;;;;;;;;;;;;;;;;1;nan;;8,331288801112645;16,0;16,0;28,4;0,0
161;;;;;;;;;;;;;;;;;1;nan;;8,331288801112645;16,0;16,0;28,4;0,0
162;31,0;1,0;1,0;1,0;0,0;625,0000000000001;1,0;0,0;0,0;2,0;5,0;135,0;2,0;49,0;3,0;0,0;1;ok;5,23292350769043;8,331288801112645;16,0;16,0;28,4;0,0
163;;;;;;;;;;;;;;;;;1;nan;;8,331288801112645;16,0;16,0;28,4;0,0
164;;;;;;;;;;;;;;;;;1;nan;;8,331288801112645;16,0;16,0;28,4;0,0
165;;;;;;;;;;;;;;;;;0;nan;;8,331288801112645;16,0;16,0;28,4;0,0
166;;;;;;;;;;;;;;;;;1;nan;;8,331288801112645;16,0;16,0;28,4;0,0
167;;;;;;;;;;;;;;;;;1;nan;;8,331288801112645;16,0;16,0;28,4;0,0
168;;;;;;;;;;;;;;;;;1;nan;;8,331288801112645;16,0;16,0;28,4;0,0
169;;;;;;;;;;;;;;;;;1;nan;;8,331288801112645;16,0;16,0;28,4;0,0
170;;;;;;;;;;;;;;;;;0;nan;;8,331288801112645;16,0;16,0;28,4;0,0
171;32,0;1,0;1,0;1,0;0,0;10287,0;1,0;0,0;0,0;27,0;8,0;281,0;4,0;188,0;1,0;0,0;1;ok;11,184623718261719;8,331288801112645;16,0;16,0;28,4;0,0
172;;;;;;;;;;;;;;;;;0;nan;;8,331288801112645;16,0;16,0;28,4;0,0
173;;;;;;;;;;;;;;;;;0;nan;;8,331288801112645;16,0;16,0;28,4;0,0
174;;;;;;;;;;;;;;;;;1;nan;;8,331288801112645;16,0;16,0;28,4;0,0
175;53,0;4,0;0,0;2,0;0,0;2152,0;0,0;0,0;0,0;4,0;8,0;520,0;2,0;80,0;3,0;2,0;0;ok;6,6677069664001465;8,331288801112645;16,0;16,0;28,4;0,0
176;;;;;;;;;;;;;;;;;1;nan;;8,331288801112645;16,0;16,0;28,4;0,0
177;;;;;;;;;;;;;;;;;1;nan;;8,331288801112645;16,0;16,0;28,4;0,0
178;;;;;;;;;;;;;;;;;1;nan;;8,331288801112645;16,0;16,0;28,4;0,0
179;;;;;;;;;;;;;;;;;1;nan;;8,331288801112645;16,0;16,0;28,4;0,0
180;;;;;;;;;;;;;;;;;0;nan;;8,331288801112645;16,0;16,0;28,4;0,0
181;;;;;;;;;;;;;;;;;1;nan;;8,331288801112645;16,0;16,0;28,4;0,0
182;;;;;;;;;;;;;;;;;1;nan;;8,331288801112645;16,0;16,0;28,4;0,0
183;;;;;;;;;;;;;;;;;1;nan;;8,331288801112645;16,0;16,0;28,4;0,0
184;;;;;;;;;;;;;;;;;1;nan;;8,331288801112645;16,0;16,0;28,4;0,0
185;;;;;;;;;;;;;;;;;1;nan;;8,331288801112645;16,0;16,0;28,4;0,0
186;;;;;;;;;;;;;;;;;1;nan;;8,331288801112645;16,0;16,0;28,4;0,0
187;;;;;;;;;;;;;;;;;1;nan;;8,331288801112645;16,0;16,0;28,4;0,0
188;53,0;0,0;0,0;1,0;0,0;0,0;1,0;1,0;0,0;6,0;1,0;1452,0;1,0;98,00000000000001;2,0;0,0;0;ok;8,528200149536133;8,331288801112645;16,0;16,0;28,4;0,0
189;49,0;4,0;1,0;2,0;0,0;5887,0;0,0;0,0;0,0;2,0;6,0;181,0;3,0;293,0;2,0;0,0;0;ok;7,915576934814453;8,331288801112645;16,0;16,0;28,4;0,0
190;35,0;1,0;1,0;1,0;0,0;149,0;1,0;0,0;0,0;29,0;0,0;507,0;3,0;349,0;1,0;1,0;1;ok;7,1166090965271;8,331288801112645;16,0;16,0;28,4;0,0
191;;;;;;;;;;;;;;;;;1;nan;;8,331288801112645;16,0;16,0;28,4;0,0
192;;;;;;;;;;;;;;;;;1;nan;;8,331288801112645;16,0;16,0;28,4;0,0
193;39,0;2,0;1,0;1,0;0,0;2139,0;1,0;0,0;0,0;15,0;8,0;576,0;4,0;371,0;1,0;0,0;1;ok;8,4751558303833;8,331288801112645;16,0;16,0;28,4;0,0
194;20,0;8,0;2,0;1,0;0,0;130,0;0,0;0,0;1,0;11,0;1,0;88,0;1,0;99,00000000000001;3,0;0,0;1;ok;6,338242053985596;8,331288801112645;16,0;16,0;28,4;0,0
195;;;;;;;;;;;;;;;;;1;nan;;8,331288801112645;16,0;16,0;28,4;0,0
196;;;;;;;;;;;;;;;;;1;nan;;8,331288801112645;16,0;16,0;28,4;0,0
197;;;;;;;;;;;;;;;;;1;nan;;8,331288801112645;16,0;16,0;28,4;0,0
198;;;;;;;;;;;;;;;;;1;nan;;8,331288801112645;16,0;16,0;28,4;0,0
199;;;;;;;;;;;;;;;;;1;nan;;8,331288801112645;16,0;16,0;28,4;0,0
200;27,0;7,0;2,0;1,0;0,0;302,0;0,0;0,0;0,0;8,0;4,0;151,0;1,0;189,0;1,0;2,0;0;ok;5,753557205200195;8,331288801112645;16,0;16,0;28,4;0,0
201;54,0;4,0;1,0;2,0;0,0;1624,0;0,0;0,0;0,0;12,0;8,0;166,0;3,0;182,0;10,0;2,0;0;ok;7,87438440322876;8,331288801112645;16,0;16,0;28,4;0,0
202;;;;;;;;;;;;;;;;;1;nan;;8,331288801112645;16,0;16,0;28,4;0,0
203;49,0;6,0;1,0;2,0;0,0;147,0;0,0;1,0;0,0;2,0;3,0;559,0;1,0;189,0;4,0;0,0;1;ok;13,102192878723145;8,331288801112645;16,0;16,0;28,4;0,0
204;57,0;4,0;0,0;2,0;0,0;1016,0;1,0;0,0;0,0;29,0;4,0;462,0;2,0;234,0;5,0;0,0;0;ok;8,198760032653809;8,331288801112645;16,0;16,0;28,4;0,0
205;34,0;0,0;1,0;1,0;0,0;4902,0;1,0;0,0;0,0;6,0;8,0;59,0;1,0;167,0;1,0;0,0;1;ok;5,552823543548584;8,331288801112645;16,0;16,0;28,4;0,0
206;;;;;;;;;;;;;;;;;1;nan;;8,331288801112645;16,0;16,0;28,4;0,0
207;;;;;;;;;;;;;;;;;1;nan;;8,331288801112645;16,0;16,0;28,4;0,0
208;;;;;;;;;;;;;;;;;1;nan;;8,331288801112645;16,0;16,0;28,4;0,0
209;;;;;;;;;;;;;;;;;1;nan;;8,331288801112645;16,0;16,0;28,4;0,0
210;52,0;0,0;1,0;1,0;0,0;722,0;0,0;0,0;0,0;26,0;10,0;99,0;2,0;185,0;3,0;0,0;1;ok;8,90984058380127;8,331288801112645;16,0;16,0;28,4;0,0
211;;;;;;;;;;;;;;;;;1;nan;;8,331288801112645;16,0;16,0;28,4;0,0
212;;;;;;;;;;;;;;;;;1;nan;;8,331288801112645;16,0;16,0;28,4;0,0
213;32,0;4,0;1,0;2,0;0,0;1270,0;0,0;0,0;0,0;3,0;11,0;420,0;1,0;15,0;3,0;2,0;0;ok;6,777649879455566;8,331288801112645;16,0;16,0;28,4;0,0
214;;;;;;;;;;;;;;;;;1;nan;;8,331288801112645;16,0;16,0;28,4;0,0
215;;;;;;;;;;;;;;;;;1;nan;;8,331288801112645;16,0;16,0;28,4;0,0
216;;;;;;;;;;;;;;;;;1;nan;;8,331288801112645;16,0;16,0;28,4;0,0
217;;;;;;;;;;;;;;;;;1;nan;;8,331288801112645;16,0;16,0;28,4;0,0
218;;;;;;;;;;;;;;;;;1;nan;;8,331288801112645;16,0;16,0;28,4;0,0
219;33,0;4,0;2,0;2,0;0,0;131,0;1,0;0,0;0,0;12,0;10,0;209,0;3,0;427,0;2,0;0,0;1;ok;6,944183826446533;8,331288801112645;16,0;16,0;28,4;0,0
220;;;;;;;;;;;;;;;;;1;nan;;8,331288801112645;16,0;16,0;28,4;0,0
221;31,0;4,0;2,0;1,0;0,0;202,0;1,0;0,0;0,0;8,0;5,0;167,0;1,0;62,0;1,0;0,0;1;ok;4,205172061920166;8,331288801112645;16,0;16,0;28,4;0,0
222;64,0;5,0;1,0;0,0;0,0;445,0;0,0;0,0;0,0;26,0;10,0;338,0;3,0;186,0;1,0;1,0;0;ok;12,568578720092773;8,331288801112645;16,0;16,0;28,4;0,0
223;;;;;;;;;;;;;;;;;1;nan;;8,331288801112645;16,0;16,0;28,4;0,0
224;37,0;4,0;1,0;2,0;0,0;165,0;0,0;0,0;0,0;24,0;1,0;315,0;1,0;83,0;1,0;1,0;1;ok;6,374083518981934;8,331288801112645;16,0;16,0;28,4;0,0
225;;;;;;;;;;;;;;;;;1;nan;;8,331288801112645;16,0;16,0;28,4;0,0
226;;;;;;;;;;;;;;;;;1;nan;;8,331288801112645;16,0;16,0;28,4;0,0
227;29,0;4,0;2,0;2,0;0,0;92,0;0,0;0,0;0,0;2,0;6,0;101,0;1,0;92,0;5,0;2,0;0;ok;6,33544397354126;8,331288801112645;16,0;16,0;28,4;0,0
228;;;;;;;;;;;;;;;;;0;nan;;8,331288801112645;16,0;16,0;28,4;0,0
229;;;;;;;;;;;;;;;;;1;nan;;8,331288801112645;16,0;16,0;28,4;0,0
230;;;;;;;;;;;;;;;;;1;nan;;8,331288801112645;16,0;16,0;28,4;0,0
231;;;;;;;;;;;;;;;;;1;nan;;8,331288801112645;16,0;16,0;28,4;0,0
232;;;;;;;;;;;;;;;;;0;nan;;8,331288801112645;16,0;16,0;28,4;0,0
233;;;;;;;;;;;;;;;;;1;nan;;8,331288801112645;16,0;16,0;28,4;0,0
234;;;;;;;;;;;;;;;;;1;nan;;8,331288801112645;16,0;16,0;28,4;0,0
235;;;;;;;;;;;;;;;;;1;nan;;8,331288801112645;16,0;16,0;28,4;0,0
236;34,0;0,0;0,0;1,0;0,0;479,0;1,0;0,0;0,0;12,0;8,0;515,0;1,0;350,0;5,0;0,0;1;ok;8,058115005493164;8,331288801112645;16,0;16,0;28,4;0,0
237;;;;;;;;;;;;;;;;;0;nan;;8,331288801112645;16,0;16,0;28,4;0,0
238;;;;;;;;;;;;;;;;;1;nan;;8,331288801112645;16,0;16,0;28,4;0,0
239;;;;;;;;;;;;;;;;;1;nan;;8,331288801112645;16,0;16,0;28,4;0,0
240;30,0;0,0;2,0;2,0;0,0;305,0;0,0;0,0;0,0;13,0;1,0;75,0;1,0;105,0;3,0;2,0;0;ok;6,145516872406006;8,331288801112645;16,0;16,0;28,4;0,0
241;;;;;;;;;;;;;;;;;1;nan;;8,331288801112645;16,0;16,0;28,4;0,0
242;28,0;8,0;2,0;1,0;0,0;1925,0;0,0;0,0;0,0;20,0;1,0;147,0;1,0;90,0;1,0;0,0;1;ok;6,681223392486572;8,331288801112645;16,0;16,0;28,4;0,0
243;38,0;10,0;1,0;0,0;0,0;7005,0;1,0;0,0;0,0;7,0;5,0;370,0;1,0;412,0;1,0;0,0;1;ok;7,168500900268555;8,331288801112645;16,0;16,0;28,4;0,0
244;;;;;;;;;;;;;;;;;1;nan;;8,331288801112645;16,0;16,0;28,4;0,0
245;;;;;;;;;;;;;;;;;1;nan;;8,331288801112645;16,0;16,0;28,4;0,0
246;;;;;;;;;;;;;;;;;1;nan;;8,331288801112645;16,0;16,0;28,4;0,0
247;;;;;;;;;;;;;;;;;1;nan;;8,331288801112645;16,0;16,0;28,4;0,0
248;51,0;4,0;1,0;2,0;0,0;2635,0;0,0;0,0;0,0;8,0;7,0;209,0;2,0;188,0;3,0;2,0;1;ok;7,7224273681640625;8,331288801112645;16,0;16,0;28,4;0,0
249;;;;;;;;;;;;;;;;;1;nan;;8,331288801112645;16,0;16,0;28,4;0,0
250;;;;;;;;;;;;;;;;;1;nan;;8,331288801112645;16,0;16,0;28,4;0,0
251;30,0;4,0;1,0;1,0;0,0;11391,0;1,0;0,0;0,0;20,0;9,0;319,0;1,0;105,0;2,0;1,0;0;ok;6,787428855895996;8,331288801112645;16,0;16,0;28,4;0,0
252;;;;;;;;;;;;;;;;;1;nan;;8,331288801112645;16,0;16,0;28,4;0,0
253;;;;;;;;;;;;;;;;;1;nan;;8,331288801112645;16,0;16,0;28,4;0,0
254;;;;;;;;;;;;;;;;;1;nan;;8,331288801112645;16,0;16,0;28,4;0,0
255;;;;;;;;;;;;;;;;;1;nan;;8,331288801112645;16,0;16,0;28,4;0,0
256;43,0;0,0;1,0;0,0;0,0;392,0;1,0;1,0;0,0;4,0;3,0;110,0;1,0;208,0;2,0;0,0;0;ok;7,634019374847412;8,331288801112645;16,0;16,0;28,4;0,0
257;34,0;0,0;0,0;1,0;0,0;479,0;1,0;0,0;0,0;12,0;8,0;515,0;1,0;350,0;5,0;0,0;1;ok;7,543987274169922;8,331288801112645;16,0;16,0;28,4;0,0
258;35,0;8,0;2,0;1,0;0,0;188,0;1,0;0,0;0,0;16,0;3,0;75,0;3,0;200,0;5,0;0,0;1;ok;10,506625175476074;8,331288801112645;16,0;16,0;28,4;0,0
259;;;;;;;;;;;;;;;;;1;nan;;8,331288801112645;16,0;16,0;28,4;0,0
260;;;;;;;;;;;;;;;;;1;nan;;8,331288801112645;16,0;16,0;28,4;0,0
261;26,0;8,0;2,0;2,0;0,0;10086,0;0,0;0,0;0,0;8,0;5,0;475,0;3,0;78,0;2,0;2,0;0;ok;7,618435382843018;8,331288801112645;16,0;16,0;28,4;0,0
262;;;;;;;;;;;;;;;;;1;nan;;8,331288801112645;16,0;16,0;28,4;0,0
263;;;;;;;;;;;;;;;;;1;nan;;8,331288801112645;16,0;16,0;28,4;0,0
264;;;;;;;;;;;;;;;;;1;nan;;8,331288801112645;16,0;16,0;28,4;0,0
265;;;;;;;;;;;;;;;;;0;nan;;8,331288801112645;16,0;16,0;28,4;0,0
266;;;;;;;;;;;;;;;;;1;nan;;8,331288801112645;16,0;16,0;28,4;0,0
267;;;;;;;;;;;;;;;;;1;nan;;8,331288801112645;16,0;16,0;28,4;0,0
268;;;;;;;;;;;;;;;;;1;nan;;8,331288801112645;16,0;16,0;28,4;0,0
269;;;;;;;;;;;;;;;;;1;nan;;8,331288801112645;16,0;16,0;28,4;0,0
270;;;;;;;;;;;;;;;;;1;nan;;8,331288801112645;16,0;16,0;28,4;0,0
271;;;;;;;;;;;;;;;;;1;nan;;8,331288801112645;16,0;16,0;28,4;0,0
272;;;;;;;;;;;;;;;;;1;nan;;8,331288801112645;16,0;16,0;28,4;0,0
273;;;;;;;;;;;;;;;;;1;nan;;8,331288801112645;16,0;16,0;28,4;0,0
274;;;;;;;;;;;;;;;;;1;nan;;8,331288801112645;16,0;16,0;28,4;0,0
275;;;;;;;;;;;;;;;;;0;nan;;8,331288801112645;16,0;16,0;28,4;0,0
276;33,0;9,0;1,0;1,0;0,0;183,0;0,0;0,0;0,0;16,0;5,0;457,0;2,0;182,0;3,0;1,0;0;ok;6,781801700592041;8,331288801112645;16,0;16,0;28,4;0,0
277;;;;;;;;;;;;;;;;;1;nan;;8,331288801112645;16,0;16,0;28,4;0,0
278;;;;;;;;;;;;;;;;;1;nan;;8,331288801112645;16,0;16,0;28,4;0,0
279;;;;;;;;;;;;;;;;;1;nan;;8,331288801112645;16,0;16,0;28,4;0,0
280;;;;;;;;;;;;;;;;;1;nan;;8,331288801112645;16,0;16,0;28,4;0,0
281;;;;;;;;;;;;;;;;;1;nan;;8,331288801112645;16,0;16,0;28,4;0,0
282;29,0;0,0;2,0;1,0;0,0;2768,0;1,0;0,0;0,0;29,0;4,0;69,0;1,0;241,0;4,0;0,0;1;ok;5,688042163848877;8,331288801112645;16,0;16,0;28,4;0,0
283;;;;;;;;;;;;;;;;;0;nan;;8,331288801112645;16,0;16,0;28,4;0,0
284;;;;;;;;;;;;;;;;;0;nan;;8,331288801112645;16,0;16,0;28,4;0,0
285;;;;;;;;;;;;;;;;;1;nan;;8,331288801112645;16,0;16,0;28,4;0,0
286;60,0;0,0;1,0;1,0;0,0;2552,0;0,0;1,0;0,0;30,0;4,0;255,0;2,0;2,0;4,0;1,0;1;ok;10,045597076416016;8,331288801112645;16,0;16,0;28,4;0,0
287;;;;;;;;;;;;;;;;;1;nan;;8,331288801112645;16,0;16,0;28,4;0,0
288;;;;;;;;;;;;;;;;;1;nan;;8,331288801112645;16,0;16,0;28,4;0,0
289;;;;;;;;;;;;;;;;;0;nan;;8,331288801112645;16,0;16,0;28,4;0,0
290;;;;;;;;;;;;;;;;;1;nan;;8,331288801112645;16,0;16,0;28,4;0,0
291;37,0;1,0;1,0;1,0;0,0;0,0;1,0;0,0;0,0;21,0;9,0;169,0;1,0;113,0;5,0;1,0;0;ok;7,906743049621582;8,331288801112645;16,0;16,0;28,4;0,0
292;;;;;;;;;;;;;;;;;0;nan;;8,331288801112645;16,0;16,0;28,4;0,0
293;;;;;;;;;;;;;;;;;0;nan;;8,331288801112645;16,0;16,0;28,4;0,0
294;;;;;;;;;;;;;;;;;1;nan;;8,331288801112645;16,0;16,0;28,4;0,0
295;28,0;9,0;2,0;2,0;0,0;387,0;1,0;0,0;0,0;20,0;0,0;205,0;1,0;82,0;1,0;0,0;1;ok;6,131998062133789;8,331288801112645;16,0;16,0;28,4;0,0
296;64,0;5,0;1,0;0,0;0,0;445,0;0,0;0,0;0,0;26,0;10,0;338,0;3,0;186,0;1,0;1,0;0;ok;9,012849807739258;8,331288801112645;16,0;16,0;28,4;0,0
297;48,0;3,0;2,0;0,0;0,0;46,0;0,0;0,0;0,0;4,0;1,0;118,0;1,0;1,0;3,0;2,0;1;ok;6,573061466217041;8,331288801112645;16,0;16,0;28,4;0,0
298;62,0;5,0;1,0;1,0;0,0;569,0;0,0;0,0;0,0;4,0;3,0;94,0;5,0;184,0;1,0;2,0;1;ok;9,656002044677734;8,331288801112645;16,0;16,0;28,4;0,0
299;;;;;;;;;;;;;;;;;0;nan;;8,331288801112645;16,0;16,0;28,4;0,0
300;35,0;7,0;1,0;1,0;0,0;52,0;1,0;0,0;0,0;4,0;6,0;328,0;2,0;94,00000000000001;4,0;2,0;0;ok;8,219731330871582;8,331288801112645;16,0;16,0;28,4;0,0
301;;;;;;;;;;;;;;;;;0;nan;;8,331288801112645;16,0;16,0;28,4;0,0
302;;;;;;;;;;;;;;;;;1;nan;;8,331288801112645;16,0;16,0;28,4;0,0
303;41,0;10,0;2,0;2,0;0,0;7968,0;0,0;0,0;0,0;2,0;11,0;404,0;1,0;184,0;4,0;2,0;0;ok;8,32738208770752;8,331288801112645;16,0;16,0;28,4;0,0
304;38,0;9,0;2,0;2,0;0,0;1727,0;0,0;0,0;1,0;2,0;1,0;141,0;2,0;185,0;6,0;1,0;0;ok;10,55195426940918;8,331288801112645;16,0;16,0;28,4;0,0
305;33,0;4,0;1,0;2,0;0,0;5878,0;0,0;0,0;0,0;23,0;10,0;438,0;1,0;430,0;2,0;0,0;1;ok;7,7251176834106445;8,331288801112645;16,0;16,0;28,4;0,0
306;35,0;9,0;2,0;1,0;0,0;27,0;1,0;0,0;0,0;25,0;8,0;214,0;1,0;305,0;1,0;1,0;1;ok;6,907987117767334;8,331288801112645;16,0;16,0;28,4;0,0
307;;;;;;;;;;;;;;;;;1;nan;;8,331288801112645;16,0;16,0;28,4;0,0
308;;;;;;;;;;;;;;;;;1;nan;;8,331288801112645;16,0;16,0;28,4;0,0
309;;;;;;;;;;;;;;;;;1;nan;;8,331288801112645;16,0;16,0;28,4;0,0
310;;;;;;;;;;;;;;;;;1;nan;;8,331288801112645;16,0;16,0;28,4;0,0
311;;;;;;;;;;;;;;;;;1;nan;;8,331288801112645;16,0;16,0;28,4;0,0
312;30,0;1,0;1,0;0,0;0,0;2929,0;1,0;0,0;0,0;21,0;9,0;432,0;2,0;184,0;1,0;1,0;0;ok;10,287775039672852;8,331288801112645;16,0;16,0;28,4;0,0
313;57,0;4,0;0,0;2,0;0,0;3287,0;0,0;0,0;0,0;30,0;7,0;277,0;2,0;337,0;1,0;2,0;0;ok;9,265314102172852;8,331288801112645;16,0;16,0;28,4;0,0
314;;;;;;;;;;;;;;;;;1;nan;;8,331288801112645;16,0;16,0;28,4;0,0
315;;;;;;;;;;;;;;;;;0;nan;;8,331288801112645;16,0;16,0;28,4;0,0
316;;;;;;;;;;;;;;;;;0;nan;;8,331288801112645;16,0;16,0;28,4;0,0
317;;;;;;;;;;;;;;;;;1;nan;;8,331288801112645;16,0;16,0;28,4;0,0
318;;;;;;;;;;;;;;;;;1;nan;;8,331288801112645;16,0;16,0;28,4;0,0
319;;;;;;;;;;;;;;;;;1;nan;;8,331288801112645;16,0;16,0;28,4;0,0
320;53,0;0,0;0,0;1,0;0,0;0,0;1,0;1,0;0,0;6,0;1,0;1452,0;1,0;98,00000000000001;2,0;0,0;1;ok;14,067692756652832;8,331288801112645;16,0;16,0;28,4;0,0
321;;;;;;;;;;;;;;;;;1;nan;;8,331288801112645;16,0;16,0;28,4;0,0
322;;;;;;;;;;;;;;;;;1;nan;;8,331288801112645;16,0;16,0;28,4;0,0
323;;;;;;;;;;;;;;;;;0;nan;;8,331288801112645;16,0;16,0;28,4;0,0
324;;;;;;;;;;;;;;;;;1;nan;;8,331288801112645;16,0;16,0;28,4;0,0
325;;;;;;;;;;;;;;;;;1;nan;;8,331288801112645;16,0;16,0;28,4;0,0
326;;;;;;;;;;;;;;;;;0;nan;;8,331288801112645;16,0;16,0;28,4;0,0
327;;;;;;;;;;;;;;;;;1;nan;;8,331288801112645;16,0;16,0;28,4;0,0
328;;;;;;;;;;;;;;;;;1;nan;;8,331288801112645;16,0;16,0;28,4;0,0
329;38,0;9,0;2,0;1,0;0,0;613,0;1,0;1,0;0,0;6,0;8,0;285,0;2,0;254,0;14,0;1,0;0;ok;9,744797706604004;8,331288801112645;16,0;16,0;28,4;0,0
330;;;;;;;;;;;;;;;;;1;nan;;8,331288801112645;16,0;16,0;28,4;0,0
331;31,0;8,0;2,0;2,0;0,0;64,0;0,0;0,0;0,0;15,0;11,0;208,0;1,0;105,0;2,0;2,0;1;ok;7,447974681854248;8,331288801112645;16,0;16,0;28,4;0,0
332;;;;;;;;;;;;;;;;;1;nan;;8,331288801112645;16,0;16,0;28,4;0,0
333;;;;;;;;;;;;;;;;;1;nan;;8,331288801112645;16,0;16,0;28,4;0,0
334;;;;;;;;;;;;;;;;;0;nan;;8,331288801112645;16,0;16,0;28,4;0,0
335;;;;;;;;;;;;;;;;;1;nan;;8,331288801112645;16,0;16,0;28,4;0,0
336;;;;;;;;;;;;;;;;;1;nan;;8,331288801112645;16,0;16,0;28,4;0,0
337;32,0;1,0;1,0;1,0;0,0;10287,0;1,0;0,0;0,0;27,0;8,0;281,0;4,0;188,0;1,0;0,0;1;ok;7,788419723510742;8,331288801112645;16,0;16,0;28,4;0,0
338;;;;;;;;;;;;;;;;;0;nan;;8,331288801112645;16,0;16,0;28,4;0,0
339;60,0;5,0;1,0;1,0;0,0;2060,0;0,0;0,0;0,0;26,0;7,0;454,0;1,0;88,0;3,0;1,0;0;ok;8,114483833312988;8,331288801112645;16,0;16,0;28,4;0,0
340;;;;;;;;;;;;;;;;;0;nan;;8,331288801112645;16,0;16,0;28,4;0,0
341;;;;;;;;;;;;;;;;;1;nan;;8,331288801112645;16,0;16,0;28,4;0,0
342;;;;;;;;;;;;;;;;;1;nan;;8,331288801112645;16,0;16,0;28,4;0,0
343;;;;;;;;;;;;;;;;;1;nan;;8,331288801112645;16,0;16,0;28,4;0,0
344;;;;;;;;;;;;;;;;;0;nan;;8,331288801112645;16,0;16,0;28,4;0,0
345;;;;;;;;;;;;;;;;;1;nan;;8,331288801112645;16,0;16,0;28,4;0,0
346;;;;;;;;;;;;;;;;;1;nan;;8,331288801112645;16,0;16,0;28,4;0,0
347;;;;;;;;;;;;;;;;;0;nan;;8,331288801112645;16,0;16,0;28,4;0,0
348;;;;;;;;;;;;;;;;;1;nan;;8,331288801112645;16,0;16,0;28,4;0,0
349;;;;;;;;;;;;;;;;;1;nan;;8,331288801112645;16,0;16,0;28,4;0,0
350;30,0;0,0;2,0;2,0;0,0;8,0;0,0;1,0;0,0;30,0;5,0;76,0;2,0;150,0;1,0;0,0;1;ok;8,5083589553833;8,331288801112645;16,0;16,0;28,4;0,0
351;;;;;;;;;;;;;;;;;1;nan;;8,331288801112645;16,0;16,0;28,4;0,0
352;;;;;;;;;;;;;;;;;1;nan;;8,331288801112645;16,0;16,0;28,4;0,0
353;;;;;;;;;;;;;;;;;0;nan;;8,331288801112645;16,0;16,0;28,4;0,0
354;;;;;;;;;;;;;;;;;1;nan;;8,331288801112645;16,0;16,0;28,4;0,0
355;;;;;;;;;;;;;;;;;1;nan;;8,331288801112645;16,0;16,0;28,4;0,0
356;;;;;;;;;;;;;;;;;0;nan;;8,331288801112645;16,0;16,0;28,4;0,0
357;;;;;;;;;;;;;;;;;1;nan;;8,331288801112645;16,0;16,0;28,4;0,0
358;38,0;0,0;1,0;1,0;0,0;47,0;1,0;0,0;0,0;10,0;1,0;120,0;1,0;98,00000000000001;5,0;2,0;0;ok;5,527953624725342;8,331288801112645;16,0;16,0;28,4;0,0
359;;;;;;;;;;;;;;;;;0;nan;;8,331288801112645;16,0;16,0;28,4;0,0
360;;;;;;;;;;;;;;;;;0;nan;;8,331288801112645;16,0;16,0;28,4;0,0
361;;;;;;;;;;;;;;;;;1;nan;;8,331288801112645;16,0;16,0;28,4;0,0
362;59,0;3,0;1,0;1,0;0,0;0,0;0,0;0,0;1,0;7,0;1,0;107,0;2,0;63,0;1,0;0,0;1;ok;10,628809928894043;8,331288801112645;16,0;16,0;28,4;0,0
363;33,0;7,0;1,0;1,0;0,0;386,0;0,0;0,0;0,0;12,0;9,0;253,0;1,0;92,0;4,0;0,0;1;ok;6,033006191253662;8,331288801112645;16,0;16,0;28,4;0,0
364;;;;;;;;;;;;;;;;;1;nan;;8,331288801112645;16,0;16,0;28,4;0,0
365;;;;;;;;;;;;;;;;;1;nan;;8,331288801112645;16,0;16,0;28,4;0,0
366;;;;;;;;;;;;;;;;;1;nan;;8,331288801112645;16,0;16,0;28,4;0,0
367;;;;;;;;;;;;;;;;;1;nan;;8,331288801112645;16,0;16,0;28,4;0,0
368;;;;;;;;;;;;;;;;;1;nan;;8,331288801112645;16,0;16,0;28,4;0,0
369;;;;;;;;;;;;;;;;;1;nan;;8,331288801112645;16,0;16,0;28,4;0,0
370;;;;;;;;;;;;;;;;;1;nan;;8,331288801112645;16,0;16,0;28,4;0,0
371;;;;;;;;;;;;;;;;;1;nan;;8,331288801112645;16,0;16,0;28,4;0,0
372;37,0;9,0;1,0;2,0;0,0;88,0;0,0;0,0;0,0;6,0;8,0;195,0;1,0;90,0;3,0;1,0;1;ok;6,275026321411133;8,331288801112645;16,0;16,0;28,4;0,0
373;;;;;;;;;;;;;;;;;1;nan;;8,331288801112645;16,0;16,0;28,4;0,0
374;;;;;;;;;;;;;;;;;1;nan;;8,331288801112645;16,0;16,0;28,4;0,0
375;57,0;4,0;0,0;2,0;0,0;3287,0;0,0;0,0;0,0;30,0;7,0;277,0;2,0;337,0;1,0;2,0;0;ok;8,89542293548584;8,331288801112645;16,0;16,0;28,4;0,0
376;;;;;;;;;;;;;;;;;1;nan;;8,331288801112645;16,0;16,0;28,4;0,0
377;;;;;;;;;;;;;;;;;1;nan;;8,331288801112645;16,0;16,0;28,4;0,0
378;;;;;;;;;;;;;;;;;1;nan;;8,331288801112645;16,0;16,0;28,4;0,0
379;;;;;;;;;;;;;;;;;0;nan;;8,331288801112645;16,0;16,0;28,4;0,0
380;;;;;;;;;;;;;;;;;1;nan;;8,331288801112645;16,0;16,0;28,4;0,0
381;;;;;;;;;;;;;;;;;1;nan;;8,331288801112645;16,0;16,0;28,4;0,0
382;;;;;;;;;;;;;;;;;1;nan;;8,331288801112645;16,0;16,0;28,4;0,0
383;;;;;;;;;;;;;;;;;1;nan;;8,331288801112645;16,0;16,0;28,4;0,0
384;;;;;;;;;;;;;;;;;1;nan;;8,331288801112645;16,0;16,0;28,4;0,0
385;;;;;;;;;;;;;;;;;0;nan;;8,331288801112645;16,0;16,0;28,4;0,0
386;35,0;1,0;1,0;1,0;0,0;149,0;1,0;0,0;0,0;29,0;0,0;507,0;3,0;349,0;1,0;1,0;1;ok;10,870381355285645;8,331288801112645;16,0;16,0;28,4;0,0
387;;;;;;;;;;;;;;;;;1;nan;;8,331288801112645;16,0;16,0;28,4;0,0
388;;;;;;;;;;;;;;;;;1;nan;;8,331288801112645;16,0;16,0;28,4;0,0
389;52,0;4,0;1,0;2,0;0,0;437,0;0,0;0,0;1,0;12,0;6,0;137,0;3,0;113,0;1,0;1,0;0;ok;10,778590202331543;8,331288801112645;16,0;16,0;28,4;0,0
390;45,0;1,0;1,0;1,0;0,0;10252,0;0,0;0,0;0,0;22,0;11,0;173,0;1,0;141,0;2,0;2,0;1;ok;9,621788024902344;8,331288801112645;16,0;16,0;28,4;0,0
391;;;;;;;;;;;;;;;;;1;nan;;8,331288801112645;16,0;16,0;28,4;0,0
392;;;;;;;;;;;;;;;;;1;nan;;8,331288801112645;16,0;16,0;28,4;0,0
393;;;;;;;;;;;;;;;;;1;nan;;8,331288801112645;16,0;16,0;28,4;0,0
394;37,0;9,0;1,0;2,0;0,0;88,0;0,0;0,0;0,0;6,0;8,0;195,0;1,0;90,0;3,0;1,0;0;ok;6,529294967651367;8,331288801112645;16,0;16,0;28,4;0,0
395;;;;;;;;;;;;;;;;;1;nan;;8,331288801112645;16,0;16,0;28,4;0,0
396;;;;;;;;;;;;;;;;;1;nan;;8,331288801112645;16,0;16,0;28,4;0,0
397;43,0;0,0;2,0;1,0;0,0;733,0;1,0;0,0;0,0;25,0;8,0;282,0;1,0;187,0;3,0;2,0;1;ok;11,20363712310791;8,331288801112645;16,0;16,0;28,4;0,0
398;;;;;;;;;;;;;;;;;1;nan;;8,331288801112645;16,0;16,0;28,4;0,0
399;;;;;;;;;;;;;;;;;1;nan;;8,331288801112645;16,0;16,0;28,4;0,0
400;;;;;;;;;;;;;;;;;1;nan;;8,331288801112645;16,0;16,0;28,4;0,0
401;;;;;;;;;;;;;;;;;1;nan;;8,331288801112645;16,0;16,0;28,4;0,0
402;;;;;;;;;;;;;;;;;1;nan;;8,331288801112645;16,0;16,0;28,4;0,0
403;63,0;3,0;1,0;1,0;0,0;2,0;0,0;0,0;0,0;4,0;3,0;45,0;2,0;92,99999999999999;1,0;2,0;0;ok;7,987841606140137;8,331288801112645;16,0;16,0;28,4;0,0
404;;;;;;;;;;;;;;;;;1;nan;;8,331288801112645;16,0;16,0;28,4;0,0
405;45,0;1,0;1,0;1,0;0,0;96,0;1,0;0,0;0,0;13,0;0,0;348,0;3,0;256,0;2,0;0,0;1;ok;7,216490268707275;8,331288801112645;16,0;16,0;28,4;0,0
406;;;;;;;;;;;;;;;;;1;nan;;8,331288801112645;16,0;16,0;28,4;0,0
407;37,0;4,0;0,0;1,0;0,0;1448,0;1,0;0,0;0,0;20,0;0,0;196,0;2,0;283,0;2,0;0,0;0;ok;6,0636467933654785;8,331288801112645;16,0;16,0;28,4;0,0
408;;;;;;;;;;;;;;;;;1;nan;;8,331288801112645;16,0;16,0;28,4;0,0
409;;;;;;;;;;;;;;;;;1;nan;;8,331288801112645;16,0;16,0;28,4;0,0
410;;;;;;;;;;;;;;;;;1;nan;;8,331288801112645;16,0;16,0;28,4;0,0
411;;;;;;;;;;;;;;;;;1;nan;;8,331288801112645;16,0;16,0;28,4;0,0
412;;;;;;;;;;;;;;;;;1;nan;;8,331288801112645;16,0;16,0;28,4;0,0
413;;;;;;;;;;;;;;;;;0;nan;;8,331288801112645;16,0;16,0;28,4;0,0
414;;;;;;;;;;;;;;;;;1;nan;;8,331288801112645;16,0;16,0;28,4;0,0
415;;;;;;;;;;;;;;;;;1;nan;;8,331288801112645;16,0;16,0;28,4;0,0
416;32,0;1,0;1,0;1,0;0,0;889,0;1,0;0,0;0,0;3,0;6,0;1076,0;2,0;85,0;3,0;1,0;1;ok;8,205366134643555;8,331288801112645;16,0;16,0;28,4;0,0
417;;;;;;;;;;;;;;;;;1;nan;;8,331288801112645;16,0;16,0;28,4;0,0
418;;;;;;;;;;;;;;;;;1;nan;;8,331288801112645;16,0;16,0;28,4;0,0
419;60,0;9,0;1,0;1,0;0,0;1740,0;0,0;0,0;0,0;1,0;6,0;814,0;1,0;80,0;2,0;2,0;0;ok;7,782115459442139;8,331288801112645;16,0;16,0;28,4;0,0
420;33,0;4,0;2,0;2,0;0,0;131,0;1,0;0,0;0,0;12,0;10,0;209,0;3,0;427,0;2,0;0,0;1;ok;7,039846897125244;8,331288801112645;16,0;16,0;28,4;0,0
421;54,0;4,0;1,0;2,0;0,0;1624,0;0,0;0,0;0,0;12,0;8,0;166,0;3,0;182,0;10,0;2,0;0;ok;7,800846099853516;8,331288801112645;16,0;16,0;28,4;0,0
422;;;;;;;;;;;;;;;;;1;nan;;8,331288801112645;16,0;16,0;28,4;0,0
423;;;;;;;;;;;;;;;;;1;nan;;8,331288801112645;16,0;16,0;28,4;0,0
424;38,0;0,0;1,0;1,0;0,0;47,0;1,0;0,0;0,0;10,0;1,0;120,0;1,0;98,00000000000001;5,0;2,0;0;ok;6,757717132568359;8,331288801112645;16,0;16,0;28,4;0,0
425;;;;;;;;;;;;;;;;;1;nan;;8,331288801112645;16,0;16,0;28,4;0,0
426;80,0;5,0;1,0;1,0;0,0;8304,0;0,0;0,0;1,0;8,0;11,0;606,0;3,0;91,0;13,0;2,0;0;ok;13,132030487060547;8,331288801112645;16,0;16,0;28,4;0,0
427;;;;;;;;;;;;;;;;;1;nan;;8,331288801112645;16,0;16,0;28,4;0,0
428;;;;;;;;;;;;;;;;;0;nan;;8,331288801112645;16,0;16,0;28,4;0,0
429;;;;;;;;;;;;;;;;;1;nan;;8,331288801112645;16,0;16,0;28,4;0,0
430;63,0;5,0;1,0;1,0;0,0;23047,0;0,0;0,0;0,0;17,0;6,0;530,0;1,0;139,0;2,0;1,0;0;ok;9,984146118164062;8,331288801112645;16,0;16,0;28,4;0,0
431;;;;;;;;;;;;;;;;;1;nan;;8,331288801112645;16,0;16,0;28,4;0,0
432;46,0;1,0;1,0;0,0;0,0;804,0;1,0;0,0;0,0;12,0;8,0;1063,0;2,0;361,0;1,0;2,0;0;ok;12,880703926086426;8,331288801112645;16,0;16,0;28,4;0,0
433;;;;;;;;;;;;;;;;;0;nan;;8,331288801112645;16,0;16,0;28,4;0,0
434;;;;;;;;;;;;;;;;;1;nan;;8,331288801112645;16,0;16,0;28,4;0,0
435;;;;;;;;;;;;;;;;;1;nan;;8,331288801112645;16,0;16,0;28,4;0,0
436;;;;;;;;;;;;;;;;;1;nan;;8,331288801112645;16,0;16,0;28,4;0,0
437;;;;;;;;;;;;;;;;;1;nan;;8,331288801112645;16,0;16,0;28,4;0,0
438;;;;;;;;;;;;;;;;;1;nan;;8,331288801112645;16,0;16,0;28,4;0,0
439;68,0;5,0;1,0;2,0;0,0;2820,0;0,0;0,0;0,0;5,0;7,0;158,0;1,0;92,0;3,0;2,0;1;ok;7,464624881744385;8,331288801112645;16,0;16,0;28,4;0,0
440;;;;;;;;;;;;;;;;;0;nan;;8,331288801112645;16,0;16,0;28,4;0,0
441;;;;;;;;;;;;;;;;;1;nan;;8,331288801112645;16,0;16,0;28,4;0,0
442;;;;;;;;;;;;;;;;;0;nan;;8,331288801112645;16,0;16,0;28,4;0,0
443;64,0;4,0;1,0;2,0;0,0;5112,0;0,0;0,0;1,0;19,0;10,0;898,0;7,0;137,0;11,0;1,0;1;ok;12,645472526550293;8,331288801112645;16,0;16,0;28,4;0,0
444;;;;;;;;;;;;;;;;;1;nan;;8,331288801112645;16,0;16,0;28,4;0,0
445;;;;;;;;;;;;;;;;;1;nan;;8,331288801112645;16,0;16,0;28,4;0,0
446;56,0;9,0;1,0;1,0;0,0;1938,0;0,0;1,0;0,0;26,0;3,0;229,0;1,0;192,0;4,0;2,0;1;ok;9,576090812683105;8,331288801112645;16,0;16,0;28,4;0,0
447;;;;;;;;;;;;;;;;;1;nan;;8,331288801112645;16,0;16,0;28,4;0,0
448;;;;;;;;;;;;;;;;;1;nan;;8,331288801112645;16,0;16,0;28,4;0,0
449;;;;;;;;;;;;;;;;;1;nan;;8,331288801112645;16,0;16,0;28,4;0,0
450;;;;;;;;;;;;;;;;;1;nan;;8,331288801112645;16,0;16,0;28,4;0,0
451;;;;;;;;;;;;;;;;;1;nan;;8,331288801112645;16,0;16,0;28,4;0,0
452;60,0;5,0;1,0;2,0;0,0;2194,0;1,0;0,0;1,0;20,0;0,0;31,0;3,0;263,0;9,0;0,0;0;ok;11,521346092224121;8,331288801112645;16,0;16,0;28,4;0,0
453;33,0;4,0;2,0;2,0;0,0;131,0;1,0;0,0;0,0;12,0;10,0;209,0;3,0;427,0;2,0;0,0;1;ok;7,661136627197266;8,331288801112645;16,0;16,0;28,4;0,0
454;;;;;;;;;;;;;;;;;1;nan;;8,331288801112645;16,0;16,0;28,4;0,0
455;53,0;0,0;0,0;1,0;0,0;0,0;1,0;1,0;0,0;6,0;1,0;1452,0;1,0;98,00000000000001;2,0;0,0;1;ok;9,115409851074219;8,331288801112645;16,0;16,0;28,4;0,0
456;;;;;;;;;;;;;;;;;1;nan;;8,331288801112645;16,0;16,0;28,4;0,0
457;;;;;;;;;;;;;;;;;1;nan;;8,331288801112645;16,0;16,0;28,4;0,0
458;;;;;;;;;;;;;;;;;1;nan;;8,331288801112645;16,0;16,0;28,4;0,0
459;;;;;;;;;;;;;;;;;0;nan;;8,331288801112645;16,0;16,0;28,4;0,0
460;;;;;;;;;;;;;;;;;1;nan;;8,331288801112645;16,0;16,0;28,4;0,0
461;31,0;1,0;1,0;1,0;0,0;625,0000000000001;1,0;0,0;0,0;2,0;5,0;135,0;2,0;49,0;3,0;0,0;1;ok;5,424853324890137;8,331288801112645;16,0;16,0;28,4;0,0
462;;;;;;;;;;;;;;;;;0;nan;;8,331288801112645;16,0;16,0;28,4;0,0
463;;;;;;;;;;;;;;;;;1;nan;;8,331288801112645;16,0;16,0;28,4;0,0
464;;;;;;;;;;;;;;;;;1;nan;;8,331288801112645;16,0;16,0;28,4;0,0
465;;;;;;;;;;;;;;;;;1;nan;;8,331288801112645;16,0;16,0;28,4;0,0
466;;;;;;;;;;;;;;;;;0;nan;;8,331288801112645;16,0;16,0;28,4;0,0
467;;;;;;;;;;;;;;;;;1;nan;;8,331288801112645;16,0;16,0;28,4;0,0
468;54,0;4,0;0,0;2,0;0,0;496,0;0,0;0,0;0,0;2,0;6,0;161,0;1,0;140,0;3,0;2,0;0;ok;7,070532321929932;8,331288801112645;16,0;16,0;28,4;0,0
469;;;;;;;;;;;;;;;;;1;nan;;8,331288801112645;16,0;16,0;28,4;0,0
470;33,0;4,0;2,0;2,0;0,0;131,0;1,0;0,0;0,0;12,0;10,0;209,0;3,0;427,0;2,0;0,0;1;ok;7,436187267303467;8,331288801112645;16,0;16,0;28,4;0,0
471;;;;;;;;;;;;;;;;;1;nan;;8,331288801112645;16,0;16,0;28,4;0,0
472;;;;;;;;;;;;;;;;;0;nan;;8,331288801112645;16,0;16,0;28,4;0,0
473;;;;;;;;;;;;;;;;;0;nan;;8,331288801112645;16,0;16,0;28,4;0,0
474;;;;;;;;;;;;;;;;;1;nan;;8,331288801112645;16,0;16,0;28,4;0,0
475;;;;;;;;;;;;;;;;;1;nan;;8,331288801112645;16,0;16,0;28,4;0,0
476;42,0;1,0;1,0;0,0;0,0;792,0;1,0;1,0;0,0;19,0;9,0;611,0;2,0;175,0;12,0;1,0;1;ok;11,445873260498047;8,331288801112645;16,0;16,0;28,4;0,0
477;;;;;;;;;;;;;;;;;1;nan;;8,331288801112645;16,0;16,0;28,4;0,0
478;;;;;;;;;;;;;;;;;0;nan;;8,331288801112645;16,0;16,0;28,4;0,0
479;31,0;8,0;2,0;2,0;0,0;64,0;0,0;0,0;0,0;15,0;11,0;208,0;1,0;105,0;2,0;2,0;0;ok;6,218053817749023;8,331288801112645;16,0;16,0;28,4;0,0
480;;;;;;;;;;;;;;;;;1;nan;;8,331288801112645;16,0;16,0;28,4;0,0
481;35,0;9,0;2,0;1,0;0,0;27,0;1,0;0,0;0,0;25,0;8,0;214,0;1,0;305,0;1,0;1,0;1;ok;7,103025913238525;8,331288801112645;16,0;16,0;28,4;0,0
482;;;;;;;;;;;;;;;;;1;nan;;8,331288801112645;16,0;16,0;28,4;0,0
483;83,0;5,0;0,0;0,0;0,0;0,0;0,0;0,0;1,0;31,0;8,0;664,0;1,0;77,0;3,0;2,0;0;ok;12,473343849182129;8,331288801112645;16,0;16,0;28,4;0,0
484;61,0;5,0;1,0;2,0;0,0;5267,0;0,0;0,0;0,0;18,0;1,0;212,0;7,0;188,0;3,0;2,0;1;ok;8,938962936401367;8,331288801112645;16,0;16,0;28,4;0,0
485;;;;;;;;;;;;;;;;;1;nan;;8,331288801112645;16,0;16,0;28,4;0,0
486;;;;;;;;;;;;;;;;;1;nan;;8,331288801112645;16,0;16,0;28,4;0,0
487;;;;;;;;;;;;;;;;;1;nan;;8,331288801112645;16,0;16,0;28,4;0,0
488;;;;;;;;;;;;;;;;;1;nan;;8,331288801112645;16,0;16,0;28,4;0,0
489;27,0;7,0;2,0;1,0;0,0;302,0;0,0;0,0;0,0;8,0;4,0;151,0;1,0;189,0;1,0;2,0;1;ok;7,0697736740112305;8,331288801112645;16,0;16,0;28,4;0,0
490;;;;;;;;;;;;;;;;;1;nan;;8,331288801112645;16,0;16,0;28,4;0,0
491;;;;;;;;;;;;;;;;;0;nan;;8,331288801112645;16,0;16,0;28,4;0,0
492;;;;;;;;;;;;;;;;;1;nan;;8,331288801112645;16,0;16,0;28,4;0,0
493;;;;;;;;;;;;;;;;;1;nan;;8,331288801112645;16,0;16,0;28,4;0,0
494;32,0;1,0;1,0;1,0;0,0;10287,0;1,0;0,0;0,0;27,0;8,0;281,0;4,0;188,0;1,0;0,0;1;ok;7,105306625366211;8,331288801112645;16,0;16,0;28,4;0,0
495;;;;;;;;;;;;;;;;;1;nan;;8,331288801112645;16,0;16,0;28,4;0,0
496;33,0;4,0;1,0;2,0;0,0;5878,0;0,0;0,0;0,0;23,0;10,0;438,0;1,0;430,0;2,0;0,0;1;ok;7,495839595794678;8,331288801112645;16,0;16,0;28,4;0,0
497;34,0;1,0;1,0;1,0;0,0;563,0;0,0;1,0;0,0;5,0;3,0;384,0;1,0;2,0;2,0;0,0;0;ok;7,1647772789001465;8,331288801112645;16,0;16,0;28,4;0,0
498;;;;;;;;;;;;;;;;;1;nan;;8,331288801112645;16,0;16,0;28,4;0,0
499;;;;;;;;;;;;;;;;;1;nan;;8,331288801112645;16,0;16,0;28,4;0,0
