;X1;X2;X3;X4;X5;X6;X7;X8;X9;X10;X11;X12;X13;X14;X15;X16;X17;X18;X19;X20;X21;X22;X23
0;;1,0;1,0;1,0;;;;;;;;;;;;;;;;;;;
1;0,0;1,0;1,0;0,0;26,0;2,0;2,0;0,0;2,0;0,0;2,0;12207,0;9738,0;8168,0;1553,0;10803,0;11330,0;2000,0;977,0;240,0;679,9999999999995;1000,0000000000005;0,0
2;;1,0;1,0;1,0;;;;;;;;;;;;;;;;;;;
3;;1,0;1,0;1,0;;;;;;;;;;;;;;;;;;;
4;;1,0;1,0;1,0;;;;;;;;;;;;;;;;;;;
5;;1,0;1,0;1,0;;;;;;;;;;;;;;;;;;;
6;10000,0;1,0;1,0;0,0;8,0;2,0;0,0;1,9999999999999998;0,0;0,0;0,0;10641,0;9495,0;8867,0;8436,0;4772,0;5930,0;1350,0;1356,0;386,0;1000,0;100,0;906,0
7;;1,0;1,0;1,0;;;;;;;;;;;;;;;;;;;
8;;1,0;1,0;1,0;;;;;;;;;;;;;;;;;;;
9;130000,0;0,0;0,0;0,0;6,0;0,0;0,0;0,0;0,0;0,0;0,0;1716,0;1518,0;909,0;1307,0;3237,0;5459,0;1517,9999999999995;1000,0;0,0;0,0;0,0;0,0
10;;1,0;1,0;1,0;;;;;;;;;;;;;;;;;;;
11;;1,0;1,0;1,0;;;;;;;;;;;;;;;;;;;
12;20000,0;0,0;0,0;0,0;2,0;2,0;0,0;0,0;0,0;0,0;0,0;21611,0;17450,0;17516,0;20202,0;12523,0;11745,0;2000,0;300,0;1000,0;600,0;678,0;80,0
13;;1,0;1,0;1,0;;;;;;;;;;;;;;;;;;;
14;;1,0;1,0;1,0;;;;;;;;;;;;;;;;;;;
15;;1,0;1,0;1,0;;;;;;;;;;;;;;;;;;;
16;;1,0;1,0;1,0;;;;;;;;;;;;;;;;;;;
17;;1,0;1,0;1,0;;;;;;;;;;;;;;;;;;;
18;;1,0;1,0;1,0;;;;;;;;;;;;;;;;;;;
19;;1,0;1,0;1,0;;;;;;;;;;;;;;;;;;;
20;;1,0;1,0;1,0;;;;;;;;;;;;;;;;;;;
21;;1,0;1,0;1,0;;;;;;;;;;;;;;;;;;;
22;0,0;0,0;1,0;0,0;20,0;0,0;0,0;0,0;0,0;0,0;0,0;15858,0;8810,0;16028,0;25278,0;7351,0;8601,0;116,0;4741,0;2028,0;1937,0;688,0;619,0
23;;1,0;1,0;1,0;;;;;;;;;;;;;;;;;;;
24;20000,0;0,0;0,0;0,0;3,0;1,0;1,0;1,0;1,0;1,0;1,0;6541,0;1061,0;1123,0;2021,0;1811,0;4448,0;806,0000000000005;1115,0;2021,0;1811,0;1828,0;3014,0
25;20000,0;0,0;0,0;0,0;2,0;1,0;2,0;0,0;0,0;0,0;0,0;22817,0;21119,0;6993,0;21843,0;21682,0;21204,0;1658,0;3009,0;3607,9999999999995;395,0;332,0;519,0
26;290000,0;0,0;1,0;0,0;6,0;3,0;0,0;1,0;0,0;1,0;0,0;7325,000000000007;20837,0;21214,0;10169,000000000004;42346,0;45513,0;20837,0;722,0;10173,0;40343,0;1700,0;1709,0
27;;1,0;1,0;1,0;;;;;;;;;;;;;;;;;;;
28;;1,0;1,0;1,0;;;;;;;;;;;;;;;;;;;
29;390000,0;0,0;0,0;0,0;20,0;1,0;1,0;1,0;1,0;1,0;1,0;107232,0;109995,0;108239,0;99204,0;97338,0;193118,0;2332,9999999999995;924,0;7757,0;9262,0;299350,0;3945,0
30;;1,0;1,0;1,0;;;;;;;;;;;;;;;;;;;
31;;1,0;1,0;1,0;;;;;;;;;;;;;;;;;;;
32;;1,0;1,0;1,0;;;;;;;;;;;;;;;;;;;
33;50000,0;0,0;0,0;0,0;4,0;1,0;0,0;0,0;0,0;0,0;0,0;12320,0;7916,0;12343,0;18606,0;17103,0;21886,0;985,0;16,0;795,0;1487,0;2380,0;2887,0
34;;1,0;1,0;1,0;;;;;;;;;;;;;;;;;;;
35;330000,0;0,0;0,0;0,0;5,0;1,0;1,0;1,0;1,0;1,0;1,0;3654,0;307,0;400,0;589,0;956,0;1383,0;307,0;400,0;589,0;956,0;1383,0;448,0
36;;1,0;1,0;1,0;;;;;;;;;;;;;;;;;;;
37;;1,0;1,0;1,0;;;;;;;;;;;;;;;;;;;
38;;1,0;1,0;1,0;;;;;;;;;;;;;;;;;;;
39;;1,0;1,0;1,0;;;;;;;;;;;;;;;;;;;
40;40000,0;0,0;1,0;0,0;2,0;3,0;0,0;1,0;1,0;1,0;1,0;341,0;1709,0;1312,0;2404,0;3786,0;1916,0;0,0;1312,0;2404,0;3786,0;1916,0;2299,0
41;;1,0;1,0;1,0;;;;;;;;;;;;;;;;;;;
42;;1,0;1,0;1,0;;;;;;;;;;;;;;;;;;;
43;;1,0;1,0;1,0;;;;;;;;;;;;;;;;;;;
44;;1,0;1,0;1,0;;;;;;;;;;;;;;;;;;;
45;110000,0;0,0;0,0;0,0;5,0;0,0;0,0;0,0;0,0;0,0;0,0;15582,0;21737,0;20036,0;24710,0;26832,0;31839,0;412,0;94,0;888,0;975,0;1162,0;2055,0
46;20000,0;0,0;0,0;1,0;21,0;0,0;0,0;0,0;0,0;0,0;0,0;26201,0;17006,0;7671,0;8657,0;11001,0;10560,0;930,0;377,0;356,0;257,0;217,0;91,0
47;130000,0;0,0;0,0;0,0;8,0;0,0;0,0;0,0;0,0;0,0;0,0;26224,0;26210,0;26422,0;26994,0;3851,0;3928,0;416,99999999999955;629,0;1200,9999999999995;138,0;140,0;17,0
48;;1,0;1,0;1,0;;;;;;;;;;;;;;;;;;;
49;;1,0;1,0;1,0;;;;;;;;;;;;;;;;;;;
50;;1,0;1,0;1,0;;;;;;;;;;;;;;;;;;;
51;20000,0;1,0;0,0;0,0;11,0;0,0;0,0;0,0;0,0;0,0;0,0;12710,0;14985,0;10833,0;12528,0;36470,0;45387,0;706,0;871,0;989,0;1397,0;1712,0;1881,0000000000005
52;30000,0;0,0;0,0;0,0;2,0;1,0;0,0;0,0;0,0;0,0;0,0;4162,0;28626,0;8913,0;14354,0;15489,0;15544,0;2000,0;1087,0;897,0;384,00000000000045;136,0;1452,0
53;;1,0;1,0;1,0;;;;;;;;;;;;;;;;;;;
54;;1,0;1,0;1,0;;;;;;;;;;;;;;;;;;;
55;;1,0;1,0;1,0;;;;;;;;;;;;;;;;;;;
56;10000,0;0,0;0,0;0,0;0,0;0,0;0,0;0,0;0,0;0,0;0,0;273,0;273,0;2418,0;1428,0;4398,0;4442,0;273,0;3588,0;1428,0;4398,0;4442,0;3768,0
57;;1,0;1,0;1,0;;;;;;;;;;;;;;;;;;;
58;;1,0;1,0;1,0;;;;;;;;;;;;;;;;;;;
59;;1,0;1,0;1,0;;;;;;;;;;;;;;;;;;;
60;;1,0;1,0;1,0;;;;;;;;;;;;;;;;;;;
61;;1,0;1,0;1,0;;;;;;;;;;;;;;;;;;;
62;;1,0;1,0;1,0;;;;;;;;;;;;;;;;;;;
63;;1,0;1,0;1,0;;;;;;;;;;;;;;;;;;;
64;;1,0;1,0;1,0;;;;;;;;;;;;;;;;;;;
65;;1,0;1,0;1,0;;;;;;;;;;;;;;;;;;;
66;20000,0;0,0;0,0;0,0;9,0;1,0;0,0;0,0;0,0;0,0;0,0;9128,0;8737,0;9637,0;9332,0;9188,0;9678,0;100,0;1200,0;146,0;0,0;800,0;1000,0
67;0,0;0,0;0,0;0,0;11,0;0,0;0,0;0,0;0,0;0,0;0,0;7518,0;11073,0;11252,0;15390,0;11766,0;14207,0;159,0;700,0;1700,0;361,0;1500,0;6794,0
68;60000,0;1,0;1,0;0,0;3,0;0,0;0,0;0,0;0,0;0,0;0,0;1276,0;278,0;1876,0;1508,0;1876,0;4634,0;278,0;1876,0;1508,0;1876,0;4634,0;1324,0
69;;1,0;1,0;1,0;;;;;;;;;;;;;;;;;;;
70;40000,0;0,0;0,0;0,0;2,0;1,0;1,0;0,0;0,0;0,0;0,0;3960,0;3945,0;2341,0;1745,0;3153,0;6029,0;3905,0;1911,0;1425,0;2943,0;5429,0;1280,0
71;;1,0;1,0;1,0;;;;;;;;;;;;;;;;;;;
72;;1,0;1,0;1,0;;;;;;;;;;;;;;;;;;;
73;150000,0;0,0;1,0;0,0;3,0;1,0;1,0;1,0;1,0;0,0;0,0;26944,0;2152,0;5799,0;42997,0;43873,0;45358,0;15622,0;0,0;44091,0;1500,0;2000,0;15000,0
74;20000,0;0,0;1,0;1,0;11,0;0,0;0,0;0,0;0,0;0,0;0,0;6737,0;9632,0;24540,0;23739,0;15587,0;14529,0;579,0;324,0;435,99999999999955;195,00000000000045;186,0;149,0
75;;1,0;1,0;1,0;;;;;;;;;;;;;;;;;;;
76;;1,0;1,0;1,0;;;;;;;;;;;;;;;;;;;
77;;1,0;1,0;1,0;;;;;;;;;;;;;;;;;;;
78;;1,0;1,0;1,0;;;;;;;;;;;;;;;;;;;
79;;1,0;1,0;1,0;;;;;;;;;;;;;;;;;;;
80;;1,0;1,0;1,0;;;;;;;;;;;;;;;;;;;
81;290000,0;1,0;0,0;0,0;6,0;1,0;1,0;0,0;0,0;0,0;0,0;2500,0;0,0;0,0;0,0;741,0;0,0;0,0;0,0;0,0;741,0000000000005;0,0;0,0
82;;1,0;1,0;1,0;;;;;;;;;;;;;;;;;;;
83;;1,0;1,0;1,0;;;;;;;;;;;;;;;;;;;
84;;1,0;1,0;1,0;;;;;;;;;;;;;;;;;;;
85;;1,0;1,0;1,0;;;;;;;;;;;;;;;;;;;
86;;1,0;1,0;1,0;;;;;;;;;;;;;;;;;;;
87;;1,0;1,0;1,0;;;;;;;;;;;;;;;;;;;
88;110000,0;0,0;1,0;0,0;7,0;0,9999999999999999;2,0;0,0;0,0;0,0;0,0;7903,0;14174,0;5410,0;1565,0;10620,0;78035,0;14463,0;2828,0;1200,0;2302,0;4557,0;4910,0
89;;1,0;1,0;1,0;;;;;;;;;;;;;;;;;;;
90;10000,0;1,0;0,0;1,0;4,0;0,0;0,0;0,0;0,0;0,0;0,0;133162,0;139592,0;114613,0;27273,0;31009,0;255932,0;6483,0;7043,0;20300,0;5757,0;24388,0;14832,0
91;;1,0;1,0;1,0;;;;;;;;;;;;;;;;;;;
92;;1,0;1,0;1,0;;;;;;;;;;;;;;;;;;;
93;150000,0;0,0;0,0;0,0;21,0;0,0;0,0;0,0;0,0;0,0;0,0;944,0;1872,0;28579,0;61135,0;35884,0;15268,0;1194,0;28824,0;61821,0;35884,0;15268,0;228300,0
94;;1,0;1,0;1,0;;;;;;;;;;;;;;;;;;;
95;;1,0;1,0;1,0;;;;;;;;;;;;;;;;;;;
96;;1,0;1,0;1,0;;;;;;;;;;;;;;;;;;;
97;;1,0;1,0;1,0;;;;;;;;;;;;;;;;;;;
98;;1,0;1,0;1,0;;;;;;;;;;;;;;;;;;;
99;;1,0;1,0;1,0;;;;;;;;;;;;;;;;;;;
100;;1,0;1,0;1,0;;;;;;;;;;;;;;;;;;;
101;;1,0;1,0;1,0;;;;;;;;;;;;;;;;;;;
102;;1,0;1,0;1,0;;;;;;;;;;;;;;;;;;;
103;;1,0;1,0;1,0;;;;;;;;;;;;;;;;;;;
104;;1,0;1,0;1,0;;;;;;;;;;;;;;;;;;;
105;;1,0;1,0;1,0;;;;;;;;;;;;;;;;;;;
106;;1,0;1,0;1,0;;;;;;;;;;;;;;;;;;;
107;;1,0;1,0;1,0;;;;;;;;;;;;;;;;;;;
108;140000,0;0,0;1,0;0,0;1,0;0,0;0,0;0,0;0,0;0,0;0,0;5024,0;798,0;5921,0;2381,0;823,0;801,0;802,0;5950,0;2392,0;827,0;805,0;30435,0
109;;1,0;1,0;1,0;;;;;;;;;;;;;;;;;;;
110;;1,0;1,0;1,0;;;;;;;;;;;;;;;;;;;
111;;1,0;1,0;1,0;;;;;;;;;;;;;;;;;;;
112;;1,0;1,0;1,0;;;;;;;;;;;;;;;;;;;
113;;1,0;1,0;1,0;;;;;;;;;;;;;;;;;;;
114;;1,0;1,0;1,0;;;;;;;;;;;;;;;;;;;
115;;1,0;1,0;1,0;;;;;;;;;;;;;;;;;;;
116;;1,0;1,0;1,0;;;;;;;;;;;;;;;;;;;
117;190000,0;1,0;1,0;0,0;7,0;0,0;0,0;0,0;0,0;0,0;0,0;9189,0;10254,0;10562,0;5547,0;6198,0;7191,0;1641,0;1100,0;100,0;139,0;200,0;794,0
118;;1,0;1,0;1,0;;;;;;;;;;;;;;;;;;;
119;;1,0;1,0;1,0;;;;;;;;;;;;;;;;;;;
120;200000,0;0,0;1,0;0,0;14,0;1,0;1,0;1,9999999999999998;0,0;0,0;0,0;6513,0;8908,0;503,0;12417,0;13952,0;14082,0;2326,0;18,0;12420,0;4186,0;14527,0;4724,0
121;10000,0;0,0;0,0;0,0;4,0;0,0;0,0;0,0;0,0;0,0;0,0;2764,0;7369,0;14377,0;18817,0;9004,0;9538,0;62,0;110,0;5,0;2521,0;641,0;719,0
122;170000,0;0,0;0,0;0,0;4,0;0,0;0,0;0,0;0,0;0,0;0,0;534,0;1517,0;5239,0;3177,0;157,0;4358,0;1517,0000000000005;5301,0;3193,0;152,0;4387,0;40,99999999999909
123;;1,0;1,0;1,0;;;;;;;;;;;;;;;;;;;
124;;1,0;1,0;1,0;;;;;;;;;;;;;;;;;;;
125;;1,0;1,0;1,0;;;;;;;;;;;;;;;;;;;
126;;1,0;1,0;1,0;;;;;;;;;;;;;;;;;;;
127;;1,0;1,0;1,0;;;;;;;;;;;;;;;;;;;
128;;1,0;1,0;1,0;;;;;;;;;;;;;;;;;;;
129;;1,0;1,0;1,0;;;;;;;;;;;;;;;;;;;
130;;1,0;1,0;1,0;;;;;;;;;;;;;;;;;;;
131;;1,0;1,0;1,0;;;;;;;;;;;;;;;;;;;
132;30000,0;0,0;0,0;0,0;3,0;0,0;0,0;0,0;0,0;0,0;0,0;4074,0;2664,0;3436,0;4905,0;1766,0;3069,0;2692,0;3446,0;4928,0;1772,0;3077,0;82,0
133;;1,0;1,0;1,0;;;;;;;;;;;;;;;;;;;
134;;1,0;1,0;1,0;;;;;;;;;;;;;;;;;;;
135;;1,0;1,0;1,0;;;;;;;;;;;;;;;;;;;
136;20000,0;0,0;1,0;0,0;9,0;0,0;0,0;0,0;0,0;0,0;0,0;12371,0;3402,0;18988,0;40258,0;39863,0;92330,0;4715,0;5771,0;6789,0;6703,0;16688,0;12719,0
137;;1,0;1,0;1,0;;;;;;;;;;;;;;;;;;;
138;100000,0;1,0;0,0;0,0;4,0;0,9999999999999999;1,0;1,0;1,0;1,0;1,0;4029,0;4048,0;2842,0;3910,0;4697,0;1719,0;4054,0;2866,0;4082,0;4697,0;1735,0;0,0
139;20000,0;0,0;0,0;0,0;2,0;0,0;1,0000000000000004;0,0;0,0;2,0;2,0;14699,0;12680,0;15660,0;11327,0;14953,0;34405,0;1799,9999999999995;3000,0;4100,0;4100,0;20000,0;40925,0
140;;1,0;1,0;1,0;;;;;;;;;;;;;;;;;;;
141;;1,0;1,0;1,0;;;;;;;;;;;;;;;;;;;
142;;1,0;1,0;1,0;;;;;;;;;;;;;;;;;;;
143;;1,0;1,0;1,0;;;;;;;;;;;;;;;;;;;
144;;1,0;1,0;1,0;;;;;;;;;;;;;;;;;;;
145;90000,0;0,0;0,0;0,0;1,0;0,0;0,0;0,0;0,0;0,0;0,0;338,0000000000073;508,0;409,0;549,0;454,0;54,0;508,0;409,0;549,0;454,0;54,000000000000455;525,0
146;;1,0;1,0;1,0;;;;;;;;;;;;;;;;;;;
147;40000,0;1,0;1,0;0,0;9,0;2,0;2,0;0,0;0,0;0,0;0,0;42685,0;35516,0;32398,0;54926,0;76134,0;82278,0;5600,0;974,0;3278,0;1500,0;6000,0;104058,0
148;40000,0;0,0;0,0;0,0;4,0;0,0;0,0;1,9999999999999998;0,0;0,0;0,0;5468,0;6359,0;11632,0;19311,0;13627,0;465,0;6127,0;4076,0;662,0;1599,0;1020,0;2000,0
149;30000,0;0,0;1,0;1,0;5,0;1,0;1,0;1,0;1,0;1,0;0,0;30344,0;25614,0;14547,0;360,0;700,0;2020,0;1426,0;1200,0;1500,0;2628,0;460,0;4487,0
150;;1,0;1,0;1,0;;;;;;;;;;;;;;;;;;;
151;140000,0;1,0;0,0;0,0;1,0;0,0;0,0;0,0;0,0;0,0;0,0;25947,0;29757,0;40322,0;7645,0;2131,0;3853,0;2020,0;802,0;740,0;395,0;1841,0;633,0
152;;1,0;1,0;1,0;;;;;;;;;;;;;;;;;;;
153;20000,0;0,0;0,0;0,0;1,0;1,0;0,0;0,0;0,0;0,0;0,0;16604,0;14111,0;12371,0;7401,0;9060,0;13926,0;2290,0;136,0;723,0000000000005;2,0;3995,0;697,0
154;;1,0;1,0;1,0;;;;;;;;;;;;;;;;;;;
155;;1,0;1,0;1,0;;;;;;;;;;;;;;;;;;;
156;;1,0;1,0;1,0;;;;;;;;;;;;;;;;;;;
157;;1,0;1,0;1,0;;;;;;;;;;;;;;;;;;;
158;0,0;0,0;1,0;0,0;11,0;2,0;0,0;1,9999999999999998;0,0;0,0;1,0;2700,0;4029,0;899,0;322,0;5755,0;1600,0;1028,9999999999995;1600,0000000000005;607,0;2200,0;1600,0;3883,0
159;50000,0;0,0;0,0;0,0;0,0;0,0;0,0;0,0;0,0;0,0;0,0;21356,0;14771,0;2495,0;9581,0;19173,0;25602,0;392,0;8000,0;254,99999999999955;735,0;2850,0;623,0
160;;1,0;1,0;1,0;;;;;;;;;;;;;;;;;;;
161;;1,0;1,0;1,0;;;;;;;;;;;;;;;;;;;
162;;1,0;1,0;1,0;;;;;;;;;;;;;;;;;;;
163;;1,0;1,0;1,0;;;;;;;;;;;;;;;;;;;
164;;1,0;1,0;1,0;;;;;;;;;;;;;;;;;;;
165;;1,0;1,0;1,0;;;;;;;;;;;;;;;;;;;
166;130000,0;0,0;0,0;0,0;0,0;0,0;0,0;0,0;1,0;0,0;0,0;655,0;2380,0;1630,0;125,0;1390,0;363,0;1755,0;1380,0;0,0;2001,0;3000,0;8500,0
167;;1,0;1,0;1,0;;;;;;;;;;;;;;;;;;;
168;;1,0;1,0;1,0;;;;;;;;;;;;;;;;;;;
169;;1,0;1,0;1,0;;;;;;;;;;;;;;;;;;;
170;80000,0;1,0;1,0;0,0;3,0;0,0;0,0;0,0;0,0;0,0;0,0;0,0;0,0;0,0;787,0;1233,0;0,0;0,0;0,0;787,0;1233,0;0,0;0,0
171;;1,0;1,0;1,0;;;;;;;;;;;;;;;;;;;
172;;1,0;1,0;1,0;;;;;;;;;;;;;;;;;;;
173;50000,0;0,0;0,0;0,0;3,0;0,0;0,0;0,0;0,0;0,0;0,0;533,0;1485,0;1009,0;40,0;1485,0;1502,0;1485,0000000000005;1009,0;40,0;1485,0;1502,0;40,0
174;;1,0;1,0;1,0;;;;;;;;;;;;;;;;;;;
175;;1,0;1,0;1,0;;;;;;;;;;;;;;;;;;;
176;20000,0;0,0;1,0;0,0;7,0;0,0;0,0;1,0;1,0;1,0;1,0;6724,0;2855,0;11744,0;5886,0;12916,0;3177,0;2855,0;11900,0;5886,0;12916,0;3177,0;20437,0
177;20000,0;1,0;0,0;0,0;4,0;2,0;2,0;1,9999999999999998;2,0;0,0;0,0;22030,0;18200,0;14286,0;10269,0;16824,0;25011,0;11000,0;1847,0;4000,0;950,0;1200,0;200,0
178;;1,0;1,0;1,0;;;;;;;;;;;;;;;;;;;
179;;1,0;1,0;1,0;;;;;;;;;;;;;;;;;;;
180;80000,0;1,0;0,0;0,0;3,0;2,0;2,0;1,9999999999999998;0,0;0,0;1,0;16181,0;8638,0;16029,0;28745,0;48436,0;58577,0;13000,0;3300,0;3166,0;22108,0;123718,0;2805,0
181;300000,0;0,0;1,0;0,0;4,0;0,0;0,0;0,0;0,0;0,0;0,0;58187,0;48944,0;49954,0;678,0;1217,0;504,0;2151,0;1029,0;26,0;203,0;188,0;39,0
182;;1,0;1,0;1,0;;;;;;;;;;;;;;;;;;;
183;;1,0;1,0;1,0;;;;;;;;;;;;;;;;;;;
184;;1,0;1,0;1,0;;;;;;;;;;;;;;;;;;;
185;20000,0;0,0;1,0;0,0;5,0;1,0;0,0;3,0;1,0;0,0;1,0;24011,0;31678,0;18464,0;909,0;4979,0;1379,0;9997,0;29366,0;6255,0;0,0;1387,0;0,0
186;;1,0;1,0;1,0;;;;;;;;;;;;;;;;;;;
187;20000,0;0,0;0,0;0,0;0,0;2,0;0,0;1,9999999999999998;0,0;0,0;0,0;274,0;10773,0;9123,0;1832,0;2104,0;4011,0;1585,0;1670,0;137,0;374,0;1346,0000000000005;567,0
188;;1,0;1,0;1,0;;;;;;;;;;;;;;;;;;;
189;;1,0;1,0;1,0;;;;;;;;;;;;;;;;;;;
190;150000,0;0,0;1,0;1,0;4,0;0,0;0,0;0,0;0,0;0,0;0,0;18213,0;21380,0;22777,0;707,0;39589,0;6677,0;20817,0;22969,0;684,0;39570,0;6708,0;20105,0
191;;1,0;1,0;1,0;;;;;;;;;;;;;;;;;;;
192;;1,0;1,0;1,0;;;;;;;;;;;;;;;;;;;
193;;1,0;1,0;1,0;;;;;;;;;;;;;;;;;;;
194;80000,0;0,0;0,0;0,0;10,0;0,0;0,0;0,0;0,0;0,0;2,0;27242,0;23757,0;17361,0;6711,0;20845,0;8570,0;3230,0;991,0;93,0;3100,0;752,0;3983,0
195;30000,0;0,0;0,0;0,0;9,0;4,0;0,0;0,0;1,0;2,0;1,0;4391,0;4145,0;740,0;1130,0;740,0;2085,0;390,0;350,0;779,9999999999995;0,0;1735,0;0,0
196;;1,0;1,0;1,0;;;;;;;;;;;;;;;;;;;
197;;1,0;1,0;1,0;;;;;;;;;;;;;;;;;;;
198;10000,0;0,0;0,0;1,0;11,0;0,0;0,0;1,9999999999999998;0,0;0,0;2,0;59495,0;10175,0;5803,0;18371,0;18487,0;20143,0;1600,0;1500,0;1000,0;200,0;1600,0;340,0
199;;1,0;1,0;1,0;;;;;;;;;;;;;;;;;;;
200;120000,0;0,0;1,0;0,0;6,0;2,0;0,0;0,0;1,0;1,0;1,0;999,9999999999927;681,0;1000,0;1000,0;2000,0;1000,0;681,0;1000,0;1000,0;2000,0;1000,0000000000005;793,0000000000009
201;;1,0;1,0;1,0;;;;;;;;;;;;;;;;;;;
202;;1,0;1,0;1,0;;;;;;;;;;;;;;;;;;;
203;;1,0;1,0;1,0;;;;;;;;;;;;;;;;;;;
204;10000,0;0,0;1,0;0,0;5,0;0,0;0,0;0,0;0,0;0,0;0,0;2686,0;2323,0;11,0;2616,0;4184,0;6771,0;182,0;128,0;191,0;118,0;78,0;821,0
205;;1,0;1,0;1,0;;;;;;;;;;;;;;;;;;;
206;;1,0;1,0;1,0;;;;;;;;;;;;;;;;;;;
207;10000,0;0,0;0,0;0,0;5,0;1,0;0,0;0,0;0,0;0,0;0,0;10540,0;10473,0;11063,0;11203,0;5483,0;6413,0;6,0;156,0;243,0;382,00000000000045;421,00000000000045;222,0
208;100000,0;1,0;1,0;1,0;3,0;1,0;0,0;1,0;0,0;1,0;0,0;18721,0;9314,0;19357,0;13335,0;5113,000000000004;2250,0;426,0;6010,0;13036,0;2551,0;0,0;8346,0
209;10000,0;0,0;1,0;1,0;25,0;2,0;0,0;1,9999999999999998;2,0;1,0;1,0;390,0;6712,0;8199,0;9365,0;6960,0;1000,0;6712,0;1224,0;1000,0;605,0;0,0;0,0
210;;1,0;1,0;1,0;;;;;;;;;;;;;;;;;;;
211;;1,0;1,0;1,0;;;;;;;;;;;;;;;;;;;
212;;1,0;1,0;1,0;;;;;;;;;;;;;;;;;;;
213;;1,0;1,0;1,0;;;;;;;;;;;;;;;;;;;
214;;1,0;1,0;1,0;;;;;;;;;;;;;;;;;;;
215;;1,0;1,0;1,0;;;;;;;;;;;;;;;;;;;
216;;1,0;1,0;1,0;;;;;;;;;;;;;;;;;;;
217;;1,0;1,0;1,0;;;;;;;;;;;;;;;;;;;
218;100000,0;0,0;0,0;0,0;2,0;0,0;0,0;0,0;0,0;0,0;0,0;70,00000000000728;3078,0000000000073;99,0;99,0;901,0;99,0;3107,0;99,0;98,99999999999955;900,9999999999995;98,99999999999909;99,0
219;;1,0;1,0;1,0;;;;;;;;;;;;;;;;;;;
220;130000,0;0,0;0,0;0,0;0,0;0,0;0,0;0,0;0,0;0,0;0,0;6561,0;155,0;799,0;1287,0;326,0;4485,0;155,0;799,0;1287,0;326,0;4485,0;133,0
221;50000,0;0,0;0,0;0,0;4,0;0,0;0,0;0,0;0,0;0,0;0,0;70,0;70,0;70,0;326,0;466,0;894,0;70,0;70,0;326,0;467,00000000000045;893,9999999999995;133,0
222;;1,0;1,0;1,0;;;;;;;;;;;;;;;;;;;
223;;1,0;1,0;1,0;;;;;;;;;;;;;;;;;;;
224;;1,0;1,0;1,0;;;;;;;;;;;;;;;;;;;
225;;1,0;1,0;1,0;;;;;;;;;;;;;;;;;;;
226;;1,0;1,0;1,0;;;;;;;;;;;;;;;;;;;
227;60000,0;0,0;0,0;0,0;10,0;2,0;1,0;1,0;1,0;1,0;1,0;390,0;390,0000000000073;390,0;390,0;780,0;0,0;390,0;390,0;390,0;780,0;0,0;390,0
228;;1,0;1,0;1,0;;;;;;;;;;;;;;;;;;;
229;;1,0;1,0;1,0;;;;;;;;;;;;;;;;;;;
230;;1,0;1,0;1,0;;;;;;;;;;;;;;;;;;;
231;;1,0;1,0;1,0;;;;;;;;;;;;;;;;;;;
232;;1,0;1,0;1,0;;;;;;;;;;;;;;;;;;;
233;;1,0;1,0;1,0;;;;;;;;;;;;;;;;;;;
234;;1,0;1,0;1,0;;;;;;;;;;;;;;;;;;;
235;30000,0;0,0;0,0;0,0;1,0;0,0;0,0;0,0;0,0;0,0;0,0;245,0;752,0;369,0;300,0;78,0;322,0;301,0;366,0;373,0;88,0;322,0;7616,0
236;;1,0;1,0;1,0;;;;;;;;;;;;;;;;;;;
237;;1,0;1,0;1,0;;;;;;;;;;;;;;;;;;;
238;120000,0;1,0;1,0;0,0;1,0;1,0;1,0000000000000004;0,0;2,0;0,0;0,0;22655,0;23247,0;9573,0;48762,0;4897,0;13313,0;2550,0;3000,0;3500,0;2000,0;17999,0;3000,0
239;;1,0;1,0;1,0;;;;;;;;;;;;;;;;;;;
240;;1,0;1,0;1,0;;;;;;;;;;;;;;;;;;;
241;;1,0;1,0;1,0;;;;;;;;;;;;;;;;;;;
242;;1,0;1,0;1,0;;;;;;;;;;;;;;;;;;;
243;40000,0;1,0;1,0;0,0;4,0;2,0;2,0;1,9999999999999998;0,0;2,0;2,0;132329,0;123622,0;128926,0;117544,0;66032,0;86847,0;11125,0;11600,0;3909,0;2000,0;14064,0;71170,0
244;;1,0;1,0;1,0;;;;;;;;;;;;;;;;;;;
245;;1,0;1,0;1,0;;;;;;;;;;;;;;;;;;;
246;80000,0;0,0;0,0;0,0;8,0;0,9999999999999999;1,0;0,0;0,0;0,0;1,0;37012,0;4810,0;71,0;5197,0;18259,0;6204,0;4924,0;71,0;5197,0;18259,0;6204,0;7052,0
247;;1,0;1,0;1,0;;;;;;;;;;;;;;;;;;;
248;;1,0;1,0;1,0;;;;;;;;;;;;;;;;;;;
249;;1,0;1,0;1,0;;;;;;;;;;;;;;;;;;;
250;20000,0;1,0;0,0;0,0;13,0;0,0;0,0;0,0;0,0;0,0;0,0;20488,0;20202,0;17471,0;21451,0;23762,0;22169,0;300,0;2100,0;4000,0;2500,0;1200,0;900,0
251;;1,0;1,0;1,0;;;;;;;;;;;;;;;;;;;
252;;1,0;1,0;1,0;;;;;;;;;;;;;;;;;;;
253;;1,0;1,0;1,0;;;;;;;;;;;;;;;;;;;
254;20000,0;0,0;0,0;0,0;5,0;2,0;2,0;0,0;2,0;2,0;2,0;30365,0;20121,0;16364,0;14740,0;16194,0;9979,0;5225,0;7631,0;3423,0;4677,0;4275,0;1640,0
255;290000,0;1,0;1,0;0,0;3,0;0,0;0,0;1,0;1,0;1,0;1,0;8561,0;682,0;90955,0;7943,0;30606,0;18472,0;1364,0;90955,0;7943,0;30606,0;19136,0;18660,0
256;;1,0;1,0;1,0;;;;;;;;;;;;;;;;;;;
257;;1,0;1,0;1,0;;;;;;;;;;;;;;;;;;;
258;;1,0;1,0;1,0;;;;;;;;;;;;;;;;;;;
259;;1,0;1,0;1,0;;;;;;;;;;;;;;;;;;;
260;;1,0;1,0;1,0;;;;;;;;;;;;;;;;;;;
261;;1,0;1,0;1,0;;;;;;;;;;;;;;;;;;;
262;;1,0;1,0;1,0;;;;;;;;;;;;;;;;;;;
263;;1,0;1,0;1,0;;;;;;;;;;;;;;;;;;;
264;;1,0;1,0;1,0;;;;;;;;;;;;;;;;;;;
265;;1,0;1,0;1,0;;;;;;;;;;;;;;;;;;;
266;;1,0;1,0;1,0;;;;;;;;;;;;;;;;;;;
267;220000,0;0,0;0,0;0,0;0,0;1,0;0,0;0,0;0,0;0,0;0,0;20433,0;20334,0;28967,0;18614,0;3443,0;3942,0;179,0;3531,0;96,0;49,999999999999545;22,0;2688,0
268;;1,0;1,0;1,0;;;;;;;;;;;;;;;;;;;
269;;1,0;1,0;1,0;;;;;;;;;;;;;;;;;;;
270;;1,0;1,0;1,0;;;;;;;;;;;;;;;;;;;
271;;1,0;1,0;1,0;;;;;;;;;;;;;;;;;;;
272;150000,0;0,0;0,0;0,0;2,0;0,0;0,0;1,9999999999999998;0,0;0,0;2,0;5619,0;8520,999999999996;5084,0;2967,0;2082,0;2336,0;3019,0;1994,0;809,0;1167,9999999999995;1310,0;250,0
273;;1,0;1,0;1,0;;;;;;;;;;;;;;;;;;;
274;;1,0;1,0;1,0;;;;;;;;;;;;;;;;;;;
275;;1,0;1,0;1,0;;;;;;;;;;;;;;;;;;;
276;60000,0;0,0;1,0;0,0;12,0;1,0;0,0;0,0;0,0;0,0;0,0;360,0;1067,0;360,0;162,0;360,0;345,0;1067,0;360,0;162,0;360,0;345,0;0,0
277;;1,0;1,0;1,0;;;;;;;;;;;;;;;;;;;
278;;1,0;1,0;1,0;;;;;;;;;;;;;;;;;;;
279;;1,0;1,0;1,0;;;;;;;;;;;;;;;;;;;
280;;1,0;1,0;1,0;;;;;;;;;;;;;;;;;;;
281;0,0;0,0;0,0;0,0;1,0;2,0;1,0;1,9999999999999998;1,0;0,0;0,0;98721,0;72171,0;51289,0;37458,0;48532,0;52198,0;1027,0;3049,0;61185,999999999985;482,0;963,0;2068,0
282;30000,0;0,0;0,0;0,0;0,0;0,0;0,0;0,0;0,0;0,0;0,0;1215,0;974,0;907,0;856,0;929,0;330,0;68,0;48,0;39,000000000000455;100,0;400,00000000000045;500,0
283;;1,0;1,0;1,0;;;;;;;;;;;;;;;;;;;
284;30000,0;0,0;0,0;0,0;1,0;0,0;0,0;0,0;0,0;0,0;0,0;6374,0;7798,0;2357,0;1590,0;9627,0;8284,999999999996;558,0;135,0;163,0;179,99999999999955;145,0;388,0
285;;1,0;1,0;1,0;;;;;;;;;;;;;;;;;;;
286;10000,0;0,0;1,0;0,0;5,0;0,0;0,0;2,0;1,0;0,0;2,0;8327,0;6008,0;5936,0;8761,0;8419,0;9695,0;2200,0000000000005;0,0;3000,0;0,0;1599,9999999999995;3000,0
287;30000,0;0,0;0,0;0,0;3,0;1,0;0,0;0,0;0,0;0,0;0,0;761,0;4328,0;2879,0;6184,0;7165,0;3441,0;0,0;798,0;0,0;1367,0;2476,0;3000,0
288;;1,0;1,0;1,0;;;;;;;;;;;;;;;;;;;
289;;1,0;1,0;1,0;;;;;;;;;;;;;;;;;;;
290;;1,0;1,0;1,0;;;;;;;;;;;;;;;;;;;
291;;1,0;1,0;1,0;;;;;;;;;;;;;;;;;;;
292;;1,0;1,0;1,0;;;;;;;;;;;;;;;;;;;
293;;1,0;1,0;1,0;;;;;;;;;;;;;;;;;;;
294;;1,0;1,0;1,0;;;;;;;;;;;;;;;;;;;
295;10000,0;0,0;0,0;0,0;4,0;0,0;0,0;0,0;0,0;0,0;0,0;5091,0;208,0;1854,0;2222,0;5372,0;1191,0;407,0;660,0000000000005;1329,0;1598,0;1400,0;3462,0
296;90000,0;0,0;0,0;0,0;2,0;0,0;0,0;0,0;0,0;0,0;0,0;266,9999999999927;263,0;263,0;593,0;1263,0;593,0;263,0;263,0;593,0;1263,0000000000005;593,0000000000005;232,0
297;20000,0;0,0;0,0;0,0;2,0;0,0;0,0;0,0;0,0;2,0;2,0;44891,0;47500,0;46668,0;43743,0;41527,0;37367,0;5500,0;2000,0;0,0;700,0;4200,0;5000,0
298;;1,0;1,0;1,0;;;;;;;;;;;;;;;;;;;
299;;1,0;1,0;1,0;;;;;;;;;;;;;;;;;;;
300;70000,0;0,0;0,0;0,0;6,0;1,0;1,0;1,0;1,0;1,0;1,0;43168,0;39395,0;2411,0;1925,0;2943,0;6249,0;2905,0;2411,0;1925,0;2943,0;6249,0;1348,000000000001
301;;1,0;1,0;1,0;;;;;;;;;;;;;;;;;;;
302;0,0;0,0;0,0;0,0;8,0;0,0;0,0;0,0;0,0;0,0;0,0;5517,0;4685,0;7537,0;5402,0;13479,0;33197,0;80,0;8,0;143,0;25,0;1162,0;1135,0
303;40000,0;0,0;1,0;0,0;3,0;0,0;0,0;0,0;0,0;0,0;0,0;1644,0000000000073;732,0;843,0;484,0;1693,0;843,0;732,0;843,0;484,0;1693,0;843,0000000000005;562,0
304;0,0;1,0;1,0;0,0;7,0;0,0;0,0;0,0;0,0;0,0;0,0;592,0;971,0;7028,0;29716,0;2326,0;1894,0;194,0;800,0;1665,0;658,0;3299,9999999999995;600,0
305;;1,0;1,0;1,0;;;;;;;;;;;;;;;;;;;
306;;1,0;1,0;1,0;;;;;;;;;;;;;;;;;;;
307;;1,0;1,0;1,0;;;;;;;;;;;;;;;;;;;
308;;1,0;1,0;1,0;;;;;;;;;;;;;;;;;;;
309;;1,0;1,0;1,0;;;;;;;;;;;;;;;;;;;
310;;1,0;1,0;1,0;;;;;;;;;;;;;;;;;;;
311;;1,0;1,0;1,0;;;;;;;;;;;;;;;;;;;
312;;1,0;1,0;1,0;;;;;;;;;;;;;;;;;;;
313;;1,0;1,0;1,0;;;;;;;;;;;;;;;;;;;
314;;1,0;1,0;1,0;;;;;;;;;;;;;;;;;;;
315;;1,0;1,0;1,0;;;;;;;;;;;;;;;;;;;
316;;1,0;1,0;1,0;;;;;;;;;;;;;;;;;;;
317;;1,0;1,0;1,0;;;;;;;;;;;;;;;;;;;
318;;1,0;1,0;1,0;;;;;;;;;;;;;;;;;;;
319;;1,0;1,0;1,0;;;;;;;;;;;;;;;;;;;
320;;1,0;1,0;1,0;;;;;;;;;;;;;;;;;;;
321;;1,0;1,0;1,0;;;;;;;;;;;;;;;;;;;
322;;1,0;1,0;1,0;;;;;;;;;;;;;;;;;;;
323;;1,0;1,0;1,0;;;;;;;;;;;;;;;;;;;
324;;1,0;1,0;1,0;;;;;;;;;;;;;;;;;;;
325;;1,0;1,0;1,0;;;;;;;;;;;;;;;;;;;
326;;1,0;1,0;1,0;;;;;;;;;;;;;;;;;;;
327;;1,0;1,0;1,0;;;;;;;;;;;;;;;;;;;
328;;1,0;1,0;1,0;;;;;;;;;;;;;;;;;;;
329;;1,0;1,0;1,0;;;;;;;;;;;;;;;;;;;
330;;1,0;1,0;1,0;;;;;;;;;;;;;;;;;;;
331;;1,0;1,0;1,0;;;;;;;;;;;;;;;;;;;
332;;1,0;1,0;1,0;;;;;;;;;;;;;;;;;;;
333;;1,0;1,0;1,0;;;;;;;;;;;;;;;;;;;
334;;1,0;1,0;1,0;;;;;;;;;;;;;;;;;;;
335;;1,0;1,0;1,0;;;;;;;;;;;;;;;;;;;
336;;1,0;1,0;1,0;;;;;;;;;;;;;;;;;;;
337;;1,0;1,0;1,0;;;;;;;;;;;;;;;;;;;
338;;1,0;1,0;1,0;;;;;;;;;;;;;;;;;;;
339;;1,0;1,0;1,0;;;;;;;;;;;;;;;;;;;
340;;1,0;1,0;1,0;;;;;;;;;;;;;;;;;;;
341;;1,0;1,0;1,0;;;;;;;;;;;;;;;;;;;
342;;1,0;1,0;1,0;;;;;;;;;;;;;;;;;;;
343;;1,0;1,0;1,0;;;;;;;;;;;;;;;;;;;
344;;1,0;1,0;1,0;;;;;;;;;;;;;;;;;;;
345;;1,0;1,0;1,0;;;;;;;;;;;;;;;;;;;
346;;1,0;1,0;1,0;;;;;;;;;;;;;;;;;;;
347;;1,0;1,0;1,0;;;;;;;;;;;;;;;;;;;
348;;1,0;1,0;1,0;;;;;;;;;;;;;;;;;;;
349;0,0;0,0;1,0;1,0;3,0;1,0;0,0;0,0;0,0;0,0;0,0;9027,0;9337,0;4656,0;5055,0;1600,0;3040,0;1700,0;3000,0;1653,0;2000,0;1940,0;1000,0
350;;1,0;1,0;1,0;;;;;;;;;;;;;;;;;;;
351;20000,0;0,0;0,0;0,0;3,0;2,0;0,0;0,0;0,0;0,0;2,0;483,0;4085,0;4658,0;2881,0;39950,0;40014,0;100,0;382,0;2964,0;3550,0;840,0000000000005;1340,0
352;70000,0;0,0;1,0;0,0;1,0;0,0;0,0;0,0;0,0;0,0;0,0;3411,0;3365,0;8126,0;6557,0;7703,0;6832,0;0,0;2000,0;1300,0000000000005;309,00000000000045;614,0000000000005;3251,0
353;;1,0;1,0;1,0;;;;;;;;;;;;;;;;;;;
354;;1,0;1,0;1,0;;;;;;;;;;;;;;;;;;;
355;10000,0;0,0;0,0;0,0;1,0;0,0;0,0;0,0;0,0;0,0;0,0;6052,0;8748,0;7011,0;43824,0;43016,0;45255,0;1606,0;2775,0;1802,0;1703,0;2688,0;1619,0
356;;1,0;1,0;1,0;;;;;;;;;;;;;;;;;;;
357;;1,0;1,0;1,0;;;;;;;;;;;;;;;;;;;
358;;1,0;1,0;1,0;;;;;;;;;;;;;;;;;;;
359;;1,0;1,0;1,0;;;;;;;;;;;;;;;;;;;
360;;1,0;1,0;1,0;;;;;;;;;;;;;;;;;;;
361;;1,0;1,0;1,0;;;;;;;;;;;;;;;;;;;
362;10000,0;0,0;0,0;0,0;3,0;0,9999999999999999;1,0;0,0;0,0;0,0;2,0;17312,0;15850,0;15743,0;15602,0;9882,0;5857,0;411,99999999999955;300,0;0,0;1000,0;1000,0000000000005;0,0
363;;1,0;1,0;1,0;;;;;;;;;;;;;;;;;;;
364;;1,0;1,0;1,0;;;;;;;;;;;;;;;;;;;
365;90000,0;0,0;0,0;0,0;1,0;0,0;0,0;0,0;0,0;0,0;0,0;6655,0;644,0;1258,0;7241,0;1572,0;2537,0;644,0;1261,0;10008,0;1572,0;2536,9999999999995;1000,0
366;;1,0;1,0;1,0;;;;;;;;;;;;;;;;;;;
367;;1,0;1,0;1,0;;;;;;;;;;;;;;;;;;;
368;;1,0;1,0;1,0;;;;;;;;;;;;;;;;;;;
369;;1,0;1,0;1,0;;;;;;;;;;;;;;;;;;;
370;;1,0;1,0;1,0;;;;;;;;;;;;;;;;;;;
371;20000,0;0,0;1,0;0,0;7,0;1,0;0,0;0,0;0,0;0,0;0,0;17207,0;15149,0;17238,0;18989,0;18450,0;17399,0;1799,9999999999995;2100,0;2000,0;300,0;803,9999999999995;1600,0
372;;1,0;1,0;1,0;;;;;;;;;;;;;;;;;;;
373;;1,0;1,0;1,0;;;;;;;;;;;;;;;;;;;
374;30000,0;1,0;1,0;0,0;8,0;0,0;0,0;0,0;0,0;0,0;0,0;27379,0;26322,0;25150,0;4608,0;13589,0;15729,0;2718,0;832,0;658,0;303,0;560,0;61,0
375;;1,0;1,0;1,0;;;;;;;;;;;;;;;;;;;
376;;1,0;1,0;1,0;;;;;;;;;;;;;;;;;;;
377;140000,0;0,0;0,0;1,0;5,0;0,0;0,0;0,0;0,0;0,0;0,0;91035,99999999997;73940,0;27563,0;43778,0;19553,0;288097,0;15848,0;15000,0;5507,0;34996,0;44976,0;15245,0
378;50000,0;1,0;1,0;0,0;4,0;0,0;0,0;0,0;0,0;0,0;0,0;2389,0;906,0;2485,0;1857,0;182,0;3576,0;906,0;2493,0;1857,0;182,0;3576,0;81,0
379;100000,0;0,0;0,0;0,0;2,0;0,0;1,0;1,0;0,0;0,0;1,0;34083,0;13325,0;23232,0;6816,0;1398,0;4135,0;11836,0;702,0;4288,0;134,0;9423,0;19346,0
380;;1,0;1,0;1,0;;;;;;;;;;;;;;;;;;;
381;30000,0;0,0;0,0;0,0;6,0;0,0;0,0;1,9999999999999998;0,0;2,0;0,0;21540,0;22913,0;18631,0;23448,0;22636,0;24390,0;1966,0;1782,0;3171,0;1032,0000000000005;883,0000000000005;739,0
382;;1,0;1,0;1,0;;;;;;;;;;;;;;;;;;;
383;;1,0;1,0;1,0;;;;;;;;;;;;;;;;;;;
384;80000,0;0,0;0,0;0,0;0,0;0,0;0,0;0,0;0,0;0,0;0,0;29676,0;2940,0;343,0;351,0;22956,0;17976,0;3912,0;1088,0;8140,0;1025,0;6256,0;1055,0
385;10000,0;0,0;1,0;0,0;3,0;1,0;0,0;1,0000000000000007;1,0;0,0;0,0;1484,0;382,0;1254,0;873,0;1495,0;9,0;2000,0;1000,0;2000,0;500,0;1300,0;750,0000000000005
386;;1,0;1,0;1,0;;;;;;;;;;;;;;;;;;;
387;;1,0;1,0;1,0;;;;;;;;;;;;;;;;;;;
388;;1,0;1,0;1,0;;;;;;;;;;;;;;;;;;;
389;0,0;0,0;0,0;0,0;5,0;0,0;0,0;0,0;0,0;0,0;0,0;1863,0;2022,0;1253,0;8351,0;5519,0;1202,0;202,0;143,0;243,0;2382,0000000000005;1421,0;379,0
390;;1,0;1,0;1,0;;;;;;;;;;;;;;;;;;;
391;;1,0;1,0;1,0;;;;;;;;;;;;;;;;;;;
392;;1,0;1,0;1,0;;;;;;;;;;;;;;;;;;;
393;;1,0;1,0;1,0;;;;;;;;;;;;;;;;;;;
394;150000,0;0,0;1,0;0,0;17,0;3,0;3,0;1,0;1,0;1,0;1,0;4828,0;3697,0;4487,0;3169,0;3847,0;5403,0;3784,0;4511,0;3174,0;3852,0;5417,0;4720,0
395;;1,0;1,0;1,0;;;;;;;;;;;;;;;;;;;
396;;1,0;1,0;1,0;;;;;;;;;;;;;;;;;;;
397;0,0;1,0;0,0;1,0;2,0;0,0;0,0;1,9999999999999998;0,0;0,0;0,0;20434,0;23231,0;14904,0;5960,0;3489,0;10843,0;6130,0;4973,0;1110,0;1443,0;929,0;3737,0
398;;1,0;1,0;1,0;;;;;;;;;;;;;;;;;;;
399;;1,0;1,0;1,0;;;;;;;;;;;;;;;;;;;
400;;1,0;1,0;1,0;;;;;;;;;;;;;;;;;;;
401;;1,0;1,0;1,0;;;;;;;;;;;;;;;;;;;
402;20000,0;0,0;1,0;0,0;4,0;1,0;0,0;0,0;0,0;0,0;0,0;23374,0;55051,0;10965,0;1712,0;4879,0;4401,0;0,0;4680,0;13020,0;7516,0;8464,0;1548,0
403;;1,0;1,0;1,0;;;;;;;;;;;;;;;;;;;
404;30000,0;0,0;0,0;0,0;0,0;0,0;0,0;0,0;0,0;0,0;0,0;32613,0;17001,0;10888,0;912,0;8653,0;16500,0;84,99999999999955;1094,0;457,0;382,00000000000045;579,0;778,0
405;;1,0;1,0;1,0;;;;;;;;;;;;;;;;;;;
406;80000,0;1,0;1,0;0,0;5,0;0,0;0,0;3,0;1,0;0,0;1,0;5716,0;2784,0;832,0;4359,0;376,0;416,0;7,0;832,0;4775,0;375,99999999999955;0,0;416,0
407;;1,0;1,0;1,0;;;;;;;;;;;;;;;;;;;
408;;1,0;1,0;1,0;;;;;;;;;;;;;;;;;;;
409;;1,0;1,0;1,0;;;;;;;;;;;;;;;;;;;
410;;1,0;1,0;1,0;;;;;;;;;;;;;;;;;;;
411;;1,0;1,0;1,0;;;;;;;;;;;;;;;;;;;
412;;1,0;1,0;1,0;;;;;;;;;;;;;;;;;;;
413;;1,0;1,0;1,0;;;;;;;;;;;;;;;;;;;
414;;1,0;1,0;1,0;;;;;;;;;;;;;;;;;;;
415;;1,0;1,0;1,0;;;;;;;;;;;;;;;;;;;
416;;1,0;1,0;1,0;;;;;;;;;;;;;;;;;;;
417;0,0;0,0;1,0;1,0;10,0;0,0;0,0;0,0;0,0;0,0;0,0;2679,0;2539,0;4486,0;2662,0;646,0;4524,0;100,0;2000,0;1800,0;2000,0;3760,0;300,0
418;;1,0;1,0;1,0;;;;;;;;;;;;;;;;;;;
419;;1,0;1,0;1,0;;;;;;;;;;;;;;;;;;;
420;;1,0;1,0;1,0;;;;;;;;;;;;;;;;;;;
421;;1,0;1,0;1,0;;;;;;;;;;;;;;;;;;;
422;;1,0;1,0;1,0;;;;;;;;;;;;;;;;;;;
423;;1,0;1,0;1,0;;;;;;;;;;;;;;;;;;;
424;;1,0;1,0;1,0;;;;;;;;;;;;;;;;;;;
425;;1,0;1,0;1,0;;;;;;;;;;;;;;;;;;;
426;;1,0;1,0;1,0;;;;;;;;;;;;;;;;;;;
427;;1,0;1,0;1,0;;;;;;;;;;;;;;;;;;;
428;;1,0;1,0;1,0;;;;;;;;;;;;;;;;;;;
429;;1,0;1,0;1,0;;;;;;;;;;;;;;;;;;;
430;;1,0;1,0;1,0;;;;;;;;;;;;;;;;;;;
431;90000,0;0,0;1,0;0,0;21,0;1,0;0,0;1,9999999999999998;2,0;2,0;2,0;46683,0;56632,0;56785,0;65896,0;68124,0;75597,0;11000,0;1000,0;3000,0;1500,0;2000,0;5900,0
432;;1,0;1,0;1,0;;;;;;;;;;;;;;;;;;;
433;;1,0;1,0;1,0;;;;;;;;;;;;;;;;;;;
434;;1,0;1,0;1,0;;;;;;;;;;;;;;;;;;;
435;;1,0;1,0;1,0;;;;;;;;;;;;;;;;;;;
436;;1,0;1,0;1,0;;;;;;;;;;;;;;;;;;;
437;;1,0;1,0;1,0;;;;;;;;;;;;;;;;;;;
438;80000,0;1,0;0,0;0,0;7,0;0,0;0,0;0,0;0,0;0,0;0,0;461,0;13588,0;8390,0;2544,0;40359,0;5946,0;12910,0;7482,0;2537,0;40359,0;5946,0;32052,999999999996
439;;1,0;1,0;1,0;;;;;;;;;;;;;;;;;;;
440;;1,0;1,0;1,0;;;;;;;;;;;;;;;;;;;
441;40000,0;0,0;1,0;0,0;15,0;1,0;3,0;1,0;1,0;2,0;1,0;2500,0;340,0;0,0;148,0;148,0;198,0;340,0;0,0;148,0;0,0;198,0;7296,0
442;;1,0;1,0;1,0;;;;;;;;;;;;;;;;;;;
443;;1,0;1,0;1,0;;;;;;;;;;;;;;;;;;;
444;140000,0;0,0;0,0;0,0;3,0;0,0;0,0;0,0;0,0;0,0;0,0;9,0;9,0;9,0;9,0;1796,0;90,0;0,0;0,0;0,0;1805,0;0,0;18268,0
445;;1,0;1,0;1,0;;;;;;;;;;;;;;;;;;;
446;;1,0;1,0;1,0;;;;;;;;;;;;;;;;;;;
447;30000,0;1,0;1,0;0,0;2,0;1,0;2,0;1,0;0,0;1,0;1,0;31957,0;6590,0;8048,0;14672,0;1406,0;27113,0;1500,0;1168,0;6700,0;4168,0;28103,0;616,0
448;;1,0;1,0;1,0;;;;;;;;;;;;;;;;;;;
449;10000,0;0,0;0,0;0,0;1,0;0,9999999999999999;2,0;2,0;0,0;1,0;2,0;19445,0;21410,0;760,0;760,0;760,0;760,0;2000,0;0,0;0,0;1520,0;0,0;0,0
450;;1,0;1,0;1,0;;;;;;;;;;;;;;;;;;;
451;60000,0;0,0;1,0;0,0;4,0;0,0;3,0;3,0;0,0;1,0;1,0;880,0;1888,0;146,0;236,0;506,0;636,0;2314,0;832,0;0,0;832,0;1052,0;236,0
452;;1,0;1,0;1,0;;;;;;;;;;;;;;;;;;;
453;;1,0;1,0;1,0;;;;;;;;;;;;;;;;;;;
454;;1,0;1,0;1,0;;;;;;;;;;;;;;;;;;;
455;90000,0;0,0;0,0;0,0;0,0;1,0;2,0;0,0;2,0;0,0;0,0;12859,0;9515,0;8904,0;11562,0;11178,0;12943,0;3000,0;1200,0;1000,0;80,0;862,0000000000005;1124,0
456;;1,0;1,0;1,0;;;;;;;;;;;;;;;;;;;
457;20000,0;0,0;1,0;0,0;7,0;1,0;0,0;0,0;0,0;0,0;0,0;25880,0;26408,0;26797,0;27405,0;28450,0;28209,0;960,0;800,0;1054,0;1662,0;193,0;1000,0
458;100000,0;0,0;0,0;0,0;4,0;0,0;0,0;3,0;1,0;1,0;2,0;11216,0;1147,0;14496,0;4227,999999999996;5288,0;5288,0;11836,0;1800,0;5322,0;0,0;0,0;0,0
459;;1,0;1,0;1,0;;;;;;;;;;;;;;;;;;;
460;260000,0;0,0;1,0;1,0;2,0;0,0;0,0;0,0;0,0;0,0;0,0;26191,0;29391,0;8601,0;1666,0;15039,0;11280,0;28709,0;8601,0;1666,0;15039,0;11280,0;31266,0
461;;1,0;1,0;1,0;;;;;;;;;;;;;;;;;;;
462;;1,0;1,0;1,0;;;;;;;;;;;;;;;;;;;
463;;1,0;1,0;1,0;;;;;;;;;;;;;;;;;;;
464;;1,0;1,0;1,0;;;;;;;;;;;;;;;;;;;
465;;1,0;1,0;1,0;;;;;;;;;;;;;;;;;;;
466;;1,0;1,0;1,0;;;;;;;;;;;;;;;;;;;
467;;1,0;1,0;1,0;;;;;;;;;;;;;;;;;;;
468;;1,0;1,0;1,0;;;;;;;;;;;;;;;;;;;
469;30000,0;0,0;0,0;0,0;6,0;0,0;0,0;0,0;1,0;0,0;2,0;6275,0;6818,0;1351,0;8882,0;10566,0;10757,0;299,99999999999955;275,0;9732,0;384,0;756,9999999999995;501,0
470;;1,0;1,0;1,0;;;;;;;;;;;;;;;;;;;
471;;1,0;1,0;1,0;;;;;;;;;;;;;;;;;;;
472;60000,0;0,0;0,0;0,0;4,0;1,0;0,0;1,9999999999999998;2,0;0,0;0,0;25670,0;19620,0;29229,0;13543,0;11691,0;11758,0;7000,0;8179,0;7217,0;1000,0;4000,0;6000,0
473;;1,0;1,0;1,0;;;;;;;;;;;;;;;;;;;
474;110000,0;0,0;1,0;0,0;14,0;0,0;0,0;0,0;0,0;0,0;0,0;17,999999999992724;18,0;18,0;18,0;18,0;18,0;0,0;0,0;0,0;0,0;0,0;0,0
475;;1,0;1,0;1,0;;;;;;;;;;;;;;;;;;;
476;;1,0;1,0;1,0;;;;;;;;;;;;;;;;;;;
477;60000,0;0,0;0,0;0,0;4,0;1,0;1,0;1,0;1,0;1,0;1,0;18522,0;15612,0;9577,0;1925,0;2943,0;6249,0;2476,0;1411,0;1925,0;2943,0;6249,0;1780,0
478;20000,0;1,0;1,0;0,0;0,0;0,0;0,0;0,0;0,0;0,0;0,0;1533,0;1495,0;919,0;50,0;1395,0;778,0;1495,0000000000005;919,0;50,0;1395,0;778,0;50,0
479;;1,0;1,0;1,0;;;;;;;;;;;;;;;;;;;
480;;1,0;1,0;1,0;;;;;;;;;;;;;;;;;;;
481;;1,0;1,0;1,0;;;;;;;;;;;;;;;;;;;
482;;1,0;1,0;1,0;;;;;;;;;;;;;;;;;;;
483;180000,0;1,0;0,0;0,0;13,0;0,9999999999999999;2,0;0,0;0,0;0,0;0,0;84662,0;18102,0;55693,0;19527,0;45079,0;56078,0;5354,0;270,0;404,0;1297,0;312,0;1381,0
484;;1,0;1,0;1,0;;;;;;;;;;;;;;;;;;;
485;60000,0;1,0;1,0;1,0;7,0;0,0;0,0;0,0;0,0;0,0;0,0;101853,0;106162,0;144073,0;197280,0;198679,0;461408,0;5848,0;9000,0;4000,0;5004,0;5071,0;5832,0
486;0,0;0,0;0,0;0,0;1,0;3,0;1,0;1,9999999999999998;1,0;1,0;2,0;45401,0;49127,0;50588,0;4012,0;28672,0;28875,0;1500,0;1900,0;4100,0;28800,0;1011,0;1041,0
487;;1,0;1,0;1,0;;;;;;;;;;;;;;;;;;;
488;210000,0;0,0;0,0;1,0;13,0;0,0;0,0;0,0;0,0;0,0;0,0;2202,0;6946,0;7808,0;14231,0;15075,0;24488,0;1364,0;1191,0;217,0;842,0;760,0;810,0
489;90000,0;0,0;0,0;0,0;1,0;2,0;2,0;0,0;2,0;0,0;0,0;6886,0;6188,0;11704,0;13974,0;14078,0;6322,0;6500,0;5500,0;3500,0;900,0;4500,0;4200,0
490;210000,0;0,0;1,0;0,0;5,0;1,0;0,0;0,0;1,0;0,0;1,0;99,0;2336,0;8970,0;1323,0;8137,0;20414,0;2345,0;9008,0;1323,0;8155,0;29038,0;15420,0
491;;1,0;1,0;1,0;;;;;;;;;;;;;;;;;;;
492;;1,0;1,0;1,0;;;;;;;;;;;;;;;;;;;
493;;1,0;1,0;1,0;;;;;;;;;;;;;;;;;;;
494;;1,0;1,0;1,0;;;;;;;;;;;;;;;;;;;
495;210000,0;0,0;1,0;0,0;10,0;1,0;0,0;0,0;1,0;0,0;0,0;4968,0;5456,0;5535,0;9856,0;3034,0;28389,0;5488,0;5740,0;9905,0;3030,0;28385,0;14259,0
496;;1,0;1,0;1,0;;;;;;;;;;;;;;;;;;;
497;;1,0;1,0;1,0;;;;;;;;;;;;;;;;;;;
498;80000,0;1,0;0,0;0,0;6,0;0,0;0,0;0,0;0,0;0,0;0,0;5318,0;2956,0;12419,0;13041,0;18351,0;18709,0;841,0;1340,0;533,0;506,0;500,0;206,0
499;;1,0;1,0;1,0;;;;;;;;;;;;;;;;;;;
media;;1,0;1,0;1,0;;;;;;;;;;;;;;;;;;;
